1,-,32302,0,128,319,238,enabled,o,go 24888;pm MU MiddleLoop;vm 40;
2,right,32302,0,265,319,214,enabled,r,go 9846;
3,qdra,32302,36,160,239,105,enabled,o,go 24888;pm MU MiddleLoop;vm 80;
4,marker,14233,0,0,101,191,enabled,,
5,-,14233,70,7,127,142,enabled,o,go 14523;
6,-,14233,6,161,304,243,enabled,o,go 11389;
7,right,14233,0,394,319,85,enabled,r,go 38472;
8,left,14233,0,0,319,85,enabled,l,go 38472;
9,-,14233,0,10,79,146,enabled,o,go 15266;
10,right,11389,0,352,319,127,enabled,r,go 14628;
11,left,11389,0,0,319,127,enabled,l,go 44198;
12,-,11389,0,6,131,173,enabled,o,go 14523;
13,marker,14968,0,305,115,174,enabled,,
14,right,14968,0,343,319,136,enabled,r,go 44198;
15,-,14968,0,324,117,162,enabled,o,go 15266;
16,-,14968,0,175,166,144,enabled,o,go 38472;
17,left,14968,0,0,319,165,enabled,l,go 14628;
18,right,14628,0,323,319,153,enabled,r,go 14968;
19,left,14628,0,5,319,75,enabled,l,go 11389;
20,none,14628,138,119,72,42,enabled,o,sc none=A-Cache Cage Switch;ps MR FrplRotate Strt;ps EL SharpHum;in 0.5\go 32201;in 2\go 31976;in 4\go 14628\ps MR FrplRotate Strt;
21,marker2,44198,0,321,24,47,enabled,,
22,marker,44198,0,0,103,214,enabled,,
23,left,44198,0,0,317,118,enabled,l,go 14968;
24,-,44198,0,375,319,104,enabled,o,go 11389;
25,-,44198,0,262,151,217,enabled,o,go 14523;
26,-,44198,0,0,82,206,enabled,o,go 15266;
27,marker,15266,0,15,261,356,enabled,o,go 14968;
28,-,15266,0,235,319,244,enabled,o,go 44198;
29,right,15266,172,427,147,52,enabled,r,go 14523;
30,left,15266,0,7,319,152,enabled,l,go 38472;
31,-,15266,86,64,130,276,enabled,,?? ME_ACacheChest|sv ME_ACacheChest=NO|sv ME_ACacheChest=YES;ps DR Slide;go 15266;
32,right,38472,0,341,319,138,enabled,r,?? ME_BluePage|go 14234|go 14233;
33,left,38472,0,0,319,138,enabled,l,?? ME_BluePage|go 14234|go 14233;
34,-,38472,8,271,228,104,enabled,o,go 20420;
35,-,20420,0,154,309,176,enabled,o,go 25878;pm MU Achenar;vm 180;
36,-,20420,0,336,318,143,enabled,o,go 38472;
37,-,20420,0,0,318,143,enabled,o,go 38472;
38,marker,14523,35,164,94,85,enabled,,
39,right,14523,0,357,319,122,enabled,r,go 11389;
40,left,14523,0,0,319,122,enabled,l,go 44198;
41,-,14523,49,175,52,58,enabled,,"?? ME_BluePage|no |ca X_Global grabPage:ME_BluePage,go 14523;"
42,-,9846,0,157,319,225,enabled,o,go 10209;pm MU Achenar;vm 180;
43,left,9846,0,0,319,166,enabled,l,go 32302;
44,-,10333,0,128,320,181,enabled,o,go 32302;pm MU Achenar;vm 120;
45,left,10333,0,0,319,146,enabled,l,go 21748;
46,right,10333,0,333,319,146,enabled,r,go 10209;
47,left,10209,0,0,319,69,enabled,l,go 10333;
48,-,10209,0,109,320,269,enabled,o,go 25878;
49,right,10209,0,432,319,47,enabled,r,go 10333;
50,-,10209,0,376,320,80,enabled,o,go 21348;
51,-,10209,37,13,255,101,enabled,o,go 32989;
52,qach2,10209,148,217,86,45,enabled,o,go 25878;
53,marker,21886,19,114,127,67,enabled,,
54,cache room,21886,29,115,118,67,enabled,o,?? ME_ACacheDoor|go 44706;
55,left,21886,0,0,319,80,enabled,l,go 21064;
56,right,21886,0,415,319,64,enabled,r,go 25878;
57,-,21886,0,139,308,178,enabled,o,go 32989;
58,-,21886,0,34,143,97,enabled,o,go 34613;
59,-,21886,0,378,93,101,enabled,o,go 41249;
60,-,21886,282,26,37,37,enabled,,
61,marker,32989,24,61,159,113,enabled,,
62,-,32989,0,0,319,480,enabled,o,go 21886;
63,-,32989,42,69,169,92,enabled,,"?? ME_ACacheDoor|sv ME_ACacheDoor=NO,ps DR Grayroom Down|sv ME_ACacheDoor=YES,ps DR Grayroom Open;go 32989;"
64,Cache Room,32989,35,68,136,92,enabled,o,?? ME_ACacheDoor|go 44706;
65,-,32989,0,0,172,53,enabled,o,go 34613;
66,-,32989,0,433,93,46,enabled,o,go 41249;
67,-,32989,110,207,122,70,enabled,o,go 42966;
68,-,32989,52,156,46,15,enabled,,
69,-,32989,151,157,78,30,enabled,,
70,-,32989,98,159,53,20,enabled,,
71,-,21064,0,368,61,111,enabled,o,go 34613;
72,marker,21064,2,413,86,67,enabled,,
73,right,21064,0,399,319,80,enabled,r,go 21886;
74,-,21064,0,305,119,89,enabled,o,go 34613;
75,left,21064,0,0,319,71,enabled,l,go 21348;
76,-,21064,14,166,305,120,enabled,o,go 10333;
77,-,21064,70,90,155,37,enabled,o,go 21748;
78,-,21064,113,7,112,23,enabled,o,go 21748;
79,right,25878,0,404,319,75,enabled,r,go 21348;
80,left,25878,0,0,319,94,enabled,l,go 21886;
81,-,25878,21,172,297,128,enabled,o,go 10531;
82,-,25878,163,337,148,126,enabled,o,go 9495;
83,-,25878,0,161,143,88,enabled,o,go 40292;
84,-,25878,150,52,132,135,enabled,,
85,right,21348,0,414,319,65,enabled,r,go 21064;
86,-,21348,0,451,95,28,enabled,o,go 21748;
87,left,21348,0,0,319,188,enabled,l,go 25878;
88,-,21348,119,329,95,28,enabled,o,go 21748;
89,-,21348,114,362,95,28,enabled,o,go 21748;
90,-,21348,116,399,95,28,enabled,o,go 21748;
91,-,21348,165,0,154,91,enabled,o,go 9495;
92,marker,25706,45,327,105,68,enabled,,
93,-,25706,0,82,320,346,enabled,o,go 21064;
94,-,25706,0,427,320,67,enabled,o,go 10531;
95,-,25706,20,373,271,105,enabled,o,go 21886;
96,Left,25706,0,0,319,82,enabled,l,go 21348;
97,-,25706,76,82,149,114,enabled,o,go 21748;
98,-,25706,51,273,110,48,enabled,o,go 21064;
99,-,10531,0,133,320,211,enabled,o,go 11084;pm MU Achenar;vm 120;
100,right,10531,0,407,319,72,enabled,r,go 9495;
101,left,10531,0,0,319,143,enabled,l,go 25706;
102,-,2383,0,119,319,217,enabled,o,go 25706;pm MU Achenar;vm 180;
103,right,2383,0,392,319,87,enabled,r,go 17797;pm MU MiddleLoop;vm 80;
104,marker,2383,94,311,65,21,enabled,,
105,qach4,2383,139,218,73,40,enabled,o,go 25706;pm MU Achenar.Mov;vm 180;
106,left,41249,0,0,319,72,enabled,l,go 21886;
107,-,41249,0,367,133,112,enabled,o,go 25878;
108,-,41249,150,136,17,212,enabled,o,go 40292;
109,-,41249,0,172,174,134,enabled,o,go 40292;
110,-,41249,161,240,68,70,enabled,o,go 40292;
111,-,41249,132,318,187,161,enabled,o,go 10531;
112,right,9495,0,382,319,97,enabled,r,go 21348;
113,-,9495,0,101,298,261,enabled,,
114,left,9495,0,0,319,97,enabled,l,go 10531;
115,-,40292,0,0,319,480,enabled,o,go 41249;
116,-,40292,109,217,174,160,enabled,,
117,-,40292,2,83,203,285,enabled,,
118,-,40292,68,0,122,80,enabled,,
119,-,40292,0,24,96,61,enabled,,
120,-,40292,0,370,129,50,enabled,,
121,-,40292,0,396,42,63,enabled,,
122,-,44706,0,0,319,480,enabled,o,go 32989;
123,-,44706,0,131,303,200,enabled,o,?? ME_BluePage|go 14234|go 14233;pm MU Achenar Cache;vm 180;
124,-,42966,0,139,319,201,enabled,o,go 21348;
125,right,21748,0,368,319,111,enabled,r,go 10333;
126,left,21748,0,0,319,158,enabled,l,go 21348;
127,-,21748,18,261,63,103,enabled,q,pv A-Throne Snake-F.m4v;
128,marker,21748,171,211,22,78,enabled,,
129,-,34613,0,0,319,480,enabled,o,go 21886;pm MU Achenar;vm 100;ps EL SharpHum;
130,-,34613,2,120,235,242,enabled,,
131,LLimit,34613,16,188,135,34,enabled,,
132,marker,34613,12,310,204,170,enabled,,
133,leftMarker,34613,28,190,97,32,enabled,,
134,holo,34613,196,198,82,85,enabled,,
135,-,34613,45,327,167,139,enabled,o,pm MU Achenar;vm 100;ps EL SharpHum;?? ME_ACacheDoor|go 44706|go 32989;
136,holostartMarker,34613,303,182,16,187,enabled,,
137,axisMarker,34613,147,165,169,150,enabled,,
138,RLimit,34613,16,258,135,34,enabled,,
139,rightMarker,34613,28,260,97,31,enabled,,
140,-,22570,0,116,319,286,enabled,o,go 11614;
141,left,22570,0,0,319,87,enabled,l,go 51206;
142,right,22570,0,392,319,87,enabled,r,go 51613;
143,qeis,22570,280,251,38,55,enabled,,
144,right,51206,0,398,318,81,enabled,r,go 22570;
145,left,51206,0,0,319,82,enabled,l,go 22809;
146,left,51613,0,0,319,86,enabled,l,go 22570;
147,right,51613,0,392,319,87,enabled,r,go 22809;
148,-,22809,0,116,320,256,enabled,o,go 23081;
149,right,22809,0,366,319,113,enabled,r,go 51206;
150,left,22809,0,0,319,119,enabled,l,go 51613;
151,qedr,22809,123,202,73,62,enabled,o,go 23081;
152,-,22499,0,142,320,247,enabled,o,go 22570;
153,right,22499,0,382,319,97,enabled,r,go 52187;
154,left,22499,0,0,319,143,enabled,l,go 51766;
155,-,22499,0,142,320,247,enabled,o,go 22570;
156,qeis,22499,171,235,49,52,enabled,o,go 22570;
157,left,51766,0,0,319,164,enabled,l,go 23081;
158,right,51766,0,315,319,164,enabled,r,go 22499;
159,left,52187,0,0,318,104,enabled,l,go 22499;
160,right,52187,1,375,318,104,enabled,r,go 23081;
161,-,23081,0,170,245,148,enabled,o,go 9075;
162,right,23081,0,315,319,164,enabled,r,go 51766;
163,left,23081,0,0,319,164,enabled,l,go 52187;
164,-,35617,5,158,198,165,enabled,o,go 22499;
165,left,35617,0,0,319,136,enabled,l,go 52319;
166,right,35617,0,343,319,136,enabled,r,go 52712;
167,qeis,35617,168,233,41,44,enabled,o,go 22499;
168,left,52319,0,0,319,117,enabled,l,go 9075;
169,right,52319,0,362,319,117,enabled,r,go 35617;
170,left,52712,0,0,319,134,enabled,l,go 35617;
171,right,52712,0,345,319,134,enabled,r,go 9075;
172,-,9075,17,151,302,85,enabled,o,go 39604;
173,-,9075,21,236,298,82,enabled,o,go 39260;
174,right,9075,0,338,319,141,enabled,r,go 52319;
175,left,9075,0,0,319,141,enabled,l,go 52712;
176,left,53837,0,0,319,132,enabled,l,go 27417;
177,right,53837,0,347,319,132,enabled,r,go 30681;
178,-,26888,0,135,279,205,enabled,o,go 27151;
179,right,26888,0,347,319,132,enabled,r,go 52786;
180,left,26888,0,0,319,132,enabled,l,go 53079;
181,qnis,26888,145,208,38,33,enabled,o,go 27151;
182,-,30681,0,172,254,157,enabled,o,go 30853;
183,left,30681,0,0,319,156,enabled,l,go 53837;
184,right,30681,0,323,319,156,enabled,r,go 54051;
185,qndr,30681,126,210,72,63,enabled,o,go 30853;
186,right,54051,0,351,319,128,enabled,r,go 27417;
187,left,54051,1,0,318,120,enabled,l,go 30681;
188,left,53284,0,0,319,128,enabled,l,go 27151;
189,right,53284,0,351,319,128,enabled,r,go 30853;
190,-,27151,0,139,232,198,enabled,o,go 27417;
191,right,27151,0,333,319,146,enabled,r,go 53284;
192,left,27151,0,0,319,146,enabled,l,go 53622;
193,qnis,27151,143,204,46,33,enabled,o,go 27417;
194,-,30853,0,153,297,170,enabled,o,go 31168;
195,left,30853,0,0,319,152,enabled,l,go 53284;
196,right,30853,0,327,319,152,enabled,r,go 53622;
197,left,53622,1,0,318,125,enabled,l,go 30853;
198,right,53622,0,354,318,125,enabled,r,go 27151;
199,left,52786,1,0,318,144,enabled,l,go 26888;
200,right,52786,0,335,318,144,enabled,r,go 31168;
201,-,27417,0,124,251,217,enabled,o,go 27798;
202,right,27417,0,341,319,138,enabled,r,go 53837;
203,left,27417,0,0,319,138,enabled,l,go 54051;
204,qnis,27417,173,191,61,45,enabled,o,go 27798;
205,-,31168,43,172,276,78,enabled,o,go 39604;
206,-,31168,43,247,276,78,enabled,o,go 39260;
207,right,31168,0,367,319,112,enabled,r,go 53079;
208,left,31168,0,0,319,112,enabled,l,go 52786;
209,left,53079,0,0,319,116,enabled,l,go 31168;
210,right,53079,0,363,319,116,enabled,r,go 26888;
211,left,54276,1,0,318,97,enabled,l,go 4956;
212,right,54276,0,382,318,97,enabled,r,go 5756;
213,-,4956,2,165,251,142,enabled,o,go 5129;
214,right,4956,0,397,319,82,enabled,r,go 54276;
215,left,4956,0,0,319,82,enabled,l,go 20686;
216,qsdr,4956,117,202,93,75,enabled,o,go 5129;
217,marker,5756,74,308,31,112,enabled,,
218,right,5756,0,397,319,81,enabled,r,go 20686;
219,left,5756,0,2,319,81,enabled,l,go 54276;
220,-,5756,0,136,183,241,enabled,o,go 6591;
221,qsis,5756,103,286,67,91,enabled,o,go 6591;
222,right,20686,0,396,319,83,enabled,r,go 4956;
223,left,20686,0,0,319,83,enabled,l,go 5756;
224,left,54936,0,0,319,100,enabled,l,go 5129;
225,right,54936,0,379,319,100,enabled,r,go 5533;
226,right,5129,0,381,319,97,enabled,r,go 54936;
227,left,5129,0,0,319,97,enabled,l,go 54769;
228,-,5129,20,169,211,127,enabled,o,go 5967;
229,-,5533,0,166,246,168,enabled,o,go 5756;
230,right,5533,0,385,319,93,enabled,r,go 54769;
231,left,5533,0,3,319,93,enabled,l,go 54936;
232,qsis,5533,128,268,49,56,enabled,o,go 5756;
233,right,54769,0,338,317,141,enabled,r,go 5129;
234,left,54769,0,0,319,105,enabled,l,go 5533;
235,left,55235,0,0,320,119,enabled,l,go 5967;
236,right,55235,0,360,319,119,enabled,r,go 6249;
237,right,5967,0,380,319,99,enabled,r,go 55235;
238,left,5967,0,0,319,103,enabled,l,go 55516;
239,-,5967,99,175,220,67,enabled,o,go 39604;pm MU MiddleLoop;vm 20;
240,-,5967,98,237,221,63,enabled,o,go 39260;pm MU MiddleLoop;vm 20;
241,right,6249,0,375,319,102,enabled,r,go 55516;
242,left,6249,0,3,319,102,enabled,l,go 55235;
243,-,6249,0,171,210,143,enabled,o,go 5533;
244,qsis,6249,128,252,38,57,enabled,o,go 5533;
245,right,55516,0,331,319,148,enabled,r,go 5967;
246,left,55516,0,0,319,148,enabled,l,go 6249;
247,-,47603,0,168,273,158,enabled,o,go 38352;
248,right,47603,0,316,319,163,enabled,r,go 56906;
249,left,47603,0,0,319,163,enabled,l,go 56759;
250,qwdr,47603,128,210,61,60,enabled,o,go 38352;
251,left,56759,1,0,318,115,enabled,l,go 47302;
252,right,56759,0,364,318,115,enabled,r,go 47603;
253,right,56906,0,339,319,140,enabled,r,go 47302;
254,left,56906,0,0,319,140,enabled,l,go 47603;
255,-,38352,0,136,285,187,enabled,o,go 48091;
256,right,38352,0,322,319,157,enabled,r,go 56293;
257,left,38352,0,0,319,157,enabled,l,go 56567;
258,right,56567,0,337,319,142,enabled,r,go 38352;
259,left,56567,0,0,319,142,enabled,l,go 45701;
260,right,56293,0,343,319,136,enabled,r,go 45701;
261,left,56293,0,0,319,136,enabled,l,go 38352;
262,right,48091,0,330,319,150,enabled,r,go 55633;
263,left,48091,0,0,319,150,enabled,l,go 55809;
264,-,48091,65,246,254,63,enabled,o,go 39260;
265,-,48091,65,182,254,63,enabled,o,go 39604;
266,left,55809,0,0,319,104,enabled,l,go 38013;
267,right,55809,0,375,319,104,enabled,r,go 48091;
268,left,55633,1,0,318,125,enabled,l,go 48091;
269,right,55633,0,354,318,125,enabled,r,go 38013;
270,right,38013,0,361,319,118,enabled,r,go 55809;
271,-,38013,0,134,319,217,enabled,o,go 45701;
272,left,38013,0,0,319,138,enabled,l,go 55633;
273,-,38013,0,134,319,217,enabled,o,go 45701;
274,qwar,38013,141,201,60,76,enabled,o,go 45701;
275,-,45701,0,131,319,202,enabled,o,go 47302;
276,right,45701,0,330,318,149,enabled,r,go 56567;
277,left,45701,1,1,318,149,enabled,l,go 56293;
278,left,47302,0,0,319,152,enabled,l,go 56906;
279,right,47302,0,327,319,152,enabled,r,go 56759;
280,-,11614,37,178,272,158,enabled,o,go 11865;
281,right,11614,0,350,319,129,enabled,r,go 22809;
282,left,11614,0,0,319,129,enabled,l,go 22809;
283,-,11865,0,174,319,251,enabled,o,go 12236;
284,right,11865,0,417,319,62,enabled,r,go 26778;
285,left,11865,0,7,319,56,enabled,l,go 26778;
286,-,26778,0,118,320,242,enabled,o,go 22809;
287,left,26778,0,0,319,129,enabled,l,go 11865;
288,right,26778,0,350,319,129,enabled,r,go 11865;
289,qedr,26778,245,208,51,48,enabled,o,go 22809;
290,-,26420,0,117,320,235,enabled,o,go 26778;
291,left,26420,0,0,319,126,enabled,l,go 12236;
292,-,12236,0,120,320,274,enabled,o,go 12345;
293,right,12236,0,383,319,96,enabled,r,go 26420;
294,-,26366,0,114,320,223,enabled,o,go 26420;
295,right,26366,0,326,319,153,enabled,r,go 12345;
296,-,12345,0,195,240,190,enabled,o,go 12583;
297,left,12345,0,0,319,116,enabled,l,go 26366;
298,-,12583,0,165,256,235,enabled,o,go 12991;
299,left,12583,0,0,319,118,enabled,l,go 26366;
300,qeis,12583,104,1,82,70,enabled,,
301,-,22133,0,123,252,273,enabled,o,go 26366;
302,right,22133,0,381,319,98,enabled,r,go 12991;
303,qedr,22133,254,165,48,45,enabled,,
304,-,12991,0,127,205,248,enabled,o,go 13636;
305,left,12991,0,0,319,95,enabled,l,go 22133;
306,qeis,12991,83,150,87,57,enabled,o,go 13636;
307,-,13636,0,107,319,276,enabled,o,go 15376;
308,left,13636,0,0,319,125,enabled,l,go 16009;
309,right,13636,0,369,319,110,enabled,r,go 16009;
310,-,16009,0,127,320,240,enabled,o,go 22133;
311,right,16009,0,356,319,123,enabled,r,go 13636;
312,left,16009,0,0,319,144,enabled,l,go 13636;
313,qedr,16009,131,274,49,37,enabled,o,go 22133;
314,-,15376,0,0,319,480,enabled,o,go 13636;
315,-,15376,14,103,207,274,enabled,,
316,-,15738,27,241,224,251,enabled,o,go 16009;
317,right,38824,0,352,319,127,enabled,r,go 15376;
318,-,38824,0,167,234,153,enabled,o,go 16009;
319,panMarker,39144,0,157,319,163,enabled,,
320,marker,39144,180,223,139,35,enabled,,
321,up,50628,194,15,25,30,enabled,o,en up=NO;en down=NO;ca ME_Fortress runElevator:mt;
322,none,50628,166,15,16,30,enabled,,ps SW Buzzer;
323,down,50628,129,12,30,40,enabled,o,en up=NO;en down=NO;ca ME_Fortress runElevator:mb;
324,panMarker,50628,0,162,319,159,enabled,,
325,marker,50628,180,223,139,35,enabled,,
326,marker,39710,180,223,139,35,enabled,,
327,panMarker,39710,0,168,319,153,enabled,,
328,-,39710,0,178,319,127,enabled,o,go 35295;
329,none,39710,190,9,33,40,enabled,o,ca ME_Fortress startElevator:bt;ps DR Red Room;go 39144;
330,none,39710,163,9,23,42,enabled,o,ca ME_Fortress startElevator:bm;ps DR Red Room;go 39144;
331,none,39710,129,10,30,42,enabled,,ps SW Buzzer;
332,qel2,39710,153,215,81,58,enabled,o,go 35295;
333,marker,43114,180,223,139,35,enabled,,
334,panMarker,43114,0,165,319,154,enabled,,
335,exit,43114,0,187,318,118,enabled,o,ca ME_Fortress startElevator:out;go 16306;
336,none,43114,166,15,18,30,enabled,o,ca ME_Fortress startElevator:tm;
337,none,43114,128,11,32,41,enabled,o,ca ME_Fortress startElevator:tb;ps DR Red Room;go 50629;
338,none,43114,192,15,30,30,enabled,,ps SW Buzzer;
339,-,17290,0,0,319,480,enabled,a,go 7054;
340,-,17290,0,142,309,196,enabled,,
341,marker,23400,132,253,78,11,enabled,,
342,-,23400,0,181,270,123,enabled,o,go 23648;
343,left,23400,0,0,319,187,enabled,l,go 13535;
344,right,23400,0,292,319,187,enabled,r,go 13535;
345,qdrs,23400,128,235,94,28,enabled,o,go 23648;
346,left,24605,0,0,319,163,enabled,l,go 24888;
347,-,24605,0,178,316,78,enabled,o,go 9846;pm MU Achenar;vm 80;
348,marker,24888,132,216,78,11,enabled,,
349,-,24888,1,161,278,144,enabled,o,go 25262;
350,right,24888,0,305,319,174,enabled,r,go 24605;
351,left,24888,0,0,319,174,enabled,l,go 24605;
352,qdra,24888,134,210,84,39,enabled,o,go 25262;
353,right,13535,0,349,319,130,enabled,r,go 23400;
354,-,13535,0,199,319,103,enabled,o,go 41131;pm MU Sirrus;vm 70;
355,marker,23648,103,258,116,19,enabled,,
356,-,23648,0,150,294,159,enabled,o,go 23934;
357,right,23648,0,297,319,182,enabled,r,go 13233;
358,left,23648,0,0,319,182,enabled,l,go 13233;
359,-,24452,0,170,281,135,enabled,o,go 24605;
360,left,24452,0,0,319,166,enabled,l,go 25262;
361,right,24452,0,313,319,166,enabled,r,go 25262;
362,qach1,24452,107,203,124,61,enabled,o,go 24605;
363,marker,25262,103,204,116,19,enabled,,
364,-,25262,0,146,303,172,enabled,o,go 25440;
365,right,25262,0,319,319,160,enabled,r,go 24452;
366,left,25262,0,0,319,160,enabled,l,go 24452;
367,-,13233,0,180,306,128,enabled,o,go 13535;
368,right,13233,0,299,319,180,enabled,r,go 23648;
369,left,13233,0,0,319,180,enabled,l,go 23648;
370,qsir1,13233,60,217,168,70,enabled,o,go 13535;
371,marker,23934,6,318,245,73,enabled,,
372,left,23934,0,0,319,145,enabled,l,go 9418;
373,-,23934,0,177,320,64,enabled,o,go 24230;
374,-,23934,21,320,229,70,enabled,o,?? ME_FacingNorth|go 46050;?? ME_FacingSouth|go 46082;?? ME_FacingEast|go 45089;?? ME_FacingWest|go 46338;
375,-,24230,0,165,286,134,enabled,o,go 24452;
376,left,24230,0,0,319,121,enabled,l,go 25440;
377,right,24230,0,358,319,121,enabled,r,go 25440;
378,qach1,24230,135,212,84,45,enabled,o,go 24452;
379,marker,25440,7,90,244,70,enabled,,
380,-,25440,1,239,318,61,enabled,o,go 9418;
381,right,25440,0,336,319,143,enabled,r,go 24230;
382,-,25440,21,92,229,70,enabled,o,?? ME_FacingNorth|go 46050;?? ME_FacingSouth|go 46082;?? ME_FacingEast|go 45089;?? ME_FacingWest|go 46338;
383,-,9418,0,173,304,142,enabled,o,go 13233;
384,left,9418,0,0,319,138,enabled,l,go 23934;
385,right,9418,0,341,319,138,enabled,r,go 23934;
386,qsir1,9418,97,218,123,65,enabled,o,go 13233;
387,-,45089,0,174,310,130,enabled,o,go 35617;pm AR Water:Wind Mov;vm 150;
388,right,45089,0,358,319,121,enabled,r,go 39604;
389,left,45089,0,0,319,121,enabled,l,go 39260;
390,qeis,45089,161,230,45,42,enabled,o,go 35617;
391,-,46050,0,173,309,131,enabled,o,go 26888;pm AR Water:Wind Mov;vm 150;
392,right,46050,0,358,319,121,enabled,r,go 39604;
393,left,46050,0,0,319,121,enabled,l,go 39260;
394,qnis,46050,147,217,36,32,enabled,o,go 26888;
395,-,46082,0,174,311,130,enabled,o,go 6249;pm AR Water:Wind Mov;vm 150;
396,right,46082,0,358,319,121,enabled,r,go 39604;
397,left,46082,0,0,319,121,enabled,l,go 39260;
398,qsis,46082,146,238,39,50,enabled,o,go 6249;pm AR Water:Wind Mov;vm 150;
399,-,46338,0,172,310,133,enabled,o,go 38013;pm AR Water:Wind Mov;vm 150;
400,right,46338,0,358,319,121,enabled,r,go 39604;
401,left,46338,0,0,319,121,enabled,l,go 39260;
402,qwar,46338,121,213,54,62,enabled,o,go 38013;
403,-,39604,0,112,319,182,enabled,o,go 9418;pm MU MiddleLoop;vm 80;
404,none,39604,0,317,319,162,enabled,r,go 39260;
405,left,39604,0,0,319,118,enabled,l,?? ME_FacingNorth|go 46050;?? ME_FacingSouth|go 46082;?? ME_FacingEast|go 45089;?? ME_FacingWest|go 46338;
406,qsir1,39604,122,121,91,42,enabled,o,go 9418;pm MU MiddleLoop;vm 80;
407,-,39260,0,193,320,176,enabled,o,go 24230;pm MU MiddleLoop;vm 80;
408,none,39260,0,0,319,146,enabled,l,go 39604;
409,right,39260,0,360,319,120,enabled,r,?? ME_FacingNorth|go 46050;?? ME_FacingSouth|go 46082;?? ME_FacingEast|go 45089;?? ME_FacingWest|go 46338;
410,qach1,39260,114,324,134,36,enabled,o,go 24230;pm MU MiddleLoop.Mov;vm 80;
411,right,16305,0,324,319,155,enabled,r,?? ME_ElevAtMid|go 31555|go 16622;
412,left,16305,0,0,319,149,enabled,l,?? ME_ElevAtMid|go 31555|go 16622;
413,door,31555,0,206,276,57,enabled,,
414,right,31555,0,345,319,135,enabled,r,go 16305;
415,-,31555,0,0,319,134,enabled,o,go 16305;
416,left,31555,0,0,319,103,enabled,l,go 16305;
417,marker,31555,262,181,20,15,enabled,q,
418,marker2,31555,0,165,284,133,enabled,o,go 43632;
419,down,31339,0,7,145,472,enabled,d,go 16622;
420,marker2,16622,0,165,284,133,enabled,q,
421,marker,16622,270,181,12,10,enabled,q,
422,left,16622,0,0,319,105,enabled,l,go 16305;
423,right,16622,0,397,319,82,enabled,r,go 16305;
424,door,16622,0,206,276,57,enabled,o,sv ME_ElevAtTop=YES;go 49328;
425,up,16622,279,0,40,480,enabled,u,go 31339;
426,-,43632,19,0,292,480,enabled,o,go 31555;
427,-,43632,6,132,313,244,enabled,o,go 33554;
428,-,33554,9,0,310,480,enabled,o,ca ME_Fortress endTopHub:;go 43632;
429,Rlimit,33554,100,246,121,30,enabled,,
430,Llimit,33554,100,204,121,30,enabled,,
431,-,33554,0,154,163,187,enabled,,
432,rightMarker,33554,100,247,98,29,enabled,,
433,leftMarker,33554,100,207,98,26,enabled,,
434,marker,33554,238,216,82,52,enabled,,
435,none,33554,81,212,48,57,enabled,o,ps SW PushButton In;ca ME_Fortress endTopHub:;sv ME_ElevGoTop=YES;sv ME_ElevAtMid=NO;go 43632;
436,,50726,0,0,319,118,disabled,,
437,,50726,0,361,319,118,disabled,,
438,none,50114,0,0,318,240,enabled,o,go 50726;
439,none,50114,0,240,318,240,enabled,o,go 50727;
440,marker2,16757,120,221,144,36,enabled,,
441,marker,16757,0,153,107,173,enabled,,
442,stairs,16757,0,181,73,107,enabled,o,go 33191;pm MU MiddleLoop;vm 130;
443,forward,16757,0,144,318,187,enabled,o,?? ME_HubStairs|no |go 20207;
444,left,16757,0,0,319,130,enabled,l,go 48777;pm MU MiddleLoop;vm 40;
445,-,16757,50,373,38,23,enabled,q,
446,right,16757,0,333,318,146,enabled,r,go 49567;pm MU MiddleLoop;vm 80;
447,-,16757,161,344,61,50,enabled,,?? ME_HubStairs|sv ME_HubStairs=NO|sv ME_HubStairs=YES;ca ME_Fortress playHubMovie:;
448,marker3,16757,24,153,81,14,enabled,,
449,qel1,16757,114,201,159,79,enabled,o,?? ME_HubStairs|no |go 20207;
450,-,33191,0,0,319,480,enabled,o,go 16757;pm MU MiddleLoop.Mov;vm 100;
451,-,33191,2,161,278,134,enabled,o,go 33452;pm MU Lower Layer;vm 160;
452,-,33191,281,0,38,40,enabled,,
453,-,11084,0,119,319,187,enabled,o,go 17797;pm MU MiddleLoop;vm 80;
454,left,11084,0,0,319,117,enabled,l,go 2383;
455,right,48250,0,391,319,88,enabled,r,go 17797;
456,-,48250,0,225,319,165,enabled,o,go 2383;pm MU Achenar;vm 80;
457,-,35407,0,157,319,157,enabled,o,go 50114;
458,left,35407,0,0,319,107,enabled,l,go 20207;
459,right,35407,0,359,319,120,enabled,r,go 20207;
460,right,20207,0,346,319,133,enabled,r,go 35407;
461,left,20207,0,0,319,122,enabled,l,go 35407;
462,in1,20207,231,225,11,10,enabled,,
463,in2,20207,226,225,11,10,enabled,,
464,in3,20207,221,225,11,10,enabled,,
465,in4,20207,217,225,11,10,enabled,,
466,in5,20207,212,225,11,10,enabled,,
467,in6,20207,206,225,12,10,enabled,,
468,in7,20207,202,225,11,10,enabled,,
469,in8,20207,197,225,11,10,enabled,,
470,in9,20207,192,225,11,10,enabled,,
471,-,20207,0,166,319,129,enabled,o,go 34882;
472,-,17797,0,152,319,169,enabled,o,go 49567;pm MU MiddleLoop;vm 80;
473,left,17797,0,0,319,66,enabled,l,go 2383;pm MU Achenar;vm 80;
474,qsir3,17797,203,198,116,75,enabled,o,go 49567;pm MU MiddleLoop.Mov;vm 80;
475,-,48777,0,161,318,160,enabled,o,go 48250;
476,right,48777,0,399,320,79,enabled,r,go 16757;
477,qach3,48777,111,185,160,118,enabled,o,go 48250;
478,left,35295,0,0,319,169,enabled,l,go 34882;
479,right,35295,0,310,319,169,enabled,r,go 34882;
480,-,35295,0,158,320,165,enabled,o,go 35407;
481,-,35295,0,158,319,165,enabled,o,go 35407;
482,qel2,35295,168,188,77,95,enabled,o,go 35407;
483,marker,34882,0,203,319,86,enabled,,
484,left,34882,0,0,319,92,enabled,l,go 35295;
485,right,34882,0,390,319,90,enabled,r,go 35295;
486,In2,34882,276,240,11,10,enabled,,
487,In4,34882,255,240,11,10,enabled,,
488,In5,34882,245,240,11,10,enabled,,
489,In6,34882,234,240,11,10,enabled,,
490,In3,34882,266,240,11,10,enabled,,
491,In7,34882,223,240,11,10,enabled,,
492,In8,34882,213,240,11,10,enabled,,
493,In9,34882,202,240,11,10,enabled,,
494,In1,34882,287,240,11,10,enabled,,
495,elevator,34882,0,172,319,121,enabled,o,sv ME_ElevAtTop=NO;go 49328;
496,left,49567,0,0,319,105,enabled,l,go 16757;
497,-,49567,0,155,318,163,enabled,o,go 47838;
498,qsir3,49567,104,172,137,47,enabled,o,go 47838;
499,-,49680,2,131,317,200,enabled,o,go 48777;pm MU MiddleLoop;vm 40;
500,right,49680,0,419,319,60,enabled,r,go 34421;
501,qach3,49680,144,206,115,68,enabled,o,go 48777;pm MU MiddleLoop;vm 120;
502,-,47838,0,91,319,159,enabled,o,go 34421;pm MU Sirrus;vm 60;
503,left,47838,0,0,319,92,enabled,l,go 49680;
504,-,48636,0,208,319,154,enabled,o,go 49680;pm MU MiddleLoop;vm 80;
505,right,48636,0,362,319,117,enabled,r,go 34421;
506,-,36229,0,154,319,175,enabled,o,go 50114;pm MU MiddleLoop;vm 100;
507,right,36229,0,378,319,101,enabled,r,go 33452;
508,left,36229,0,0,319,101,enabled,l,go 33452;
509,-,33452,49,187,78,108,enabled,o,go 35943;pm MU Lower Layer;vm 180;
510,left,33452,0,0,319,140,enabled,l,go 36229;
511,right,33452,0,339,319,140,enabled,r,go 36229;
512,-,17552,124,197,64,89,enabled,o,go 17673;
513,-,17552,0,0,320,150,enabled,o,go 20348;
514,-,17552,0,328,320,177,enabled,o,go 20348;
515,gearMarker,35943,277,131,42,198,enabled,,
516,-,35943,0,0,319,480,enabled,o,go 33452;pm MU Lower Layer;vm 160;
517,-,35943,39,153,143,172,enabled,,
518,controlMarker,35943,73,258,88,25,enabled,,
519,displayMarker,35943,99,202,26,11,enabled,,
520,-,27798,0,140,320,204,enabled,o,go 28101;
521,right,27798,0,344,319,135,enabled,r,go 30341;
522,left,27798,0,0,319,135,enabled,l,go 30341;
523,-,30341,0,148,256,198,enabled,o,go 30681;
524,right,30341,0,340,319,139,enabled,r,go 27798;
525,left,30341,0,0,319,139,enabled,l,go 27798;
526,qndr,30341,137,218,56,47,enabled,o,go 30681;
527,-,28101,0,107,250,237,enabled,o,go 28222;
528,right,28101,0,345,319,134,enabled,r,go 30166;
529,left,28101,0,0,319,134,enabled,l,go 30166;
530,qnis,28101,185,186,55,47,enabled,o,go 28222;
531,-,30166,0,139,284,199,enabled,o,go 30341;
532,right,30166,0,333,319,146,enabled,r,go 28101;
533,left,30166,0,0,319,146,enabled,l,go 28101;
534,qndr,30166,153,215,57,48,enabled,o,go 30341;
535,-,28222,0,132,249,206,enabled,o,go 28639;
536,right,28222,0,337,319,142,enabled,r,go 29888;
537,left,28222,0,0,319,142,enabled,l,go 29888;
538,qnis,28222,164,171,79,54,enabled,o,go 28639;
539,-,29888,0,142,267,192,enabled,o,go 30166;
540,right,29888,0,333,319,146,enabled,r,go 28222;
541,left,29888,0,0,319,146,enabled,l,go 28222;
542,qndr,29888,274,211,45,51,enabled,,
543,-,28639,0,113,242,246,enabled,o,go 28915;
544,right,28639,0,350,319,129,enabled,r,go 29561;
545,left,28639,0,0,319,129,enabled,l,go 29561;
546,qnis,28639,86,134,101,86,enabled,o,go 28915;
547,-,29561,0,151,272,180,enabled,o,go 29888;
548,right,29561,0,325,319,154,enabled,r,go 28639;
549,left,29561,0,0,319,154,enabled,l,go 28639;
550,qndr,29561,270,221,34,33,enabled,,
551,-,28915,0,139,217,274,enabled,o,go 29105;
552,left,28915,0,0,319,153,enabled,l,go 29262;
553,right,29262,0,356,319,123,enabled,r,go 28915;
554,left,29262,0,0,319,123,enabled,l,go 28915;
555,-,29262,0,146,278,195,enabled,o,go 29561;
556,qndr,29262,174,219,44,36,enabled,o,go 29561;
557,-,29105,0,0,320,480,enabled,o,go 28915;
558,-,29105,8,127,203,254,enabled,,
559,-,32588,0,116,320,216,enabled,o,go 23400;pm MU MiddleLoop;vm 40;
560,left,32588,0,0,319,210,enabled,l,go 41131;
561,qdrs,32588,24,212,242,97,enabled,o,go 23400;pm MU MiddleLoop;vm 80;
562,right,36783,0,376,319,103,enabled,r,go 43451;
563,left,36783,0,0,319,150,enabled,l,go 36999;
564,-,36783,59,194,180,125,enabled,o,go 44978;
565,-,36999,0,408,183,76,enabled,o,go 37202;
566,-,36999,0,90,299,297,enabled,o,go 40595;
567,left,36999,0,0,319,91,enabled,l,go 36783;
568,-,36999,0,98,155,125,enabled,o,go 43451;
569,right,36399,0,331,319,148,enabled,r,go 40595;
570,-,36399,0,158,291,157,enabled,o,go 36783;
571,left,36399,0,0,319,131,enabled,l,go 37202;
572,-,36399,4,291,147,88,enabled,o,go 43451;
573,marker,40595,85,0,67,134,enabled,,
574,left,40595,0,0,319,135,enabled,l,go 36399;
575,-,40595,0,0,136,130,enabled,o,go 20749;
576,right,40595,0,372,319,107,enabled,r,go 37202;
577,marker,20749,144,247,137,150,enabled,,
578,left,20749,0,0,319,144,enabled,l,go 36399;
579,right,20749,0,367,319,112,enabled,r,go 37202;
580,-,20749,159,262,79,96,enabled,,"?? ME_RedPage|no |ca X_Global grabPage:ME_RedPage,go 20749;"
581,-,43451,0,360,319,120,enabled,o,go 36999;
582,left,43451,13,0,306,133,enabled,l,go 36783;
583,-,44978,0,157,316,172,enabled,o,go 18361;pm MU Sirrus;vm 100;
584,-,44978,92,149,218,141,enabled,,
585,-,44978,0,357,319,122,enabled,o,go 36783;
586,-,44978,0,0,319,122,enabled,o,go 36783;
587,left,37202,0,0,319,138,enabled,l,go 40595;
588,-,37202,48,90,205,322,enabled,,
589,right,37202,0,340,319,139,enabled,r,go 36399;
590,-,37202,99,337,49,26,enabled,o,go 16983;
591,-,16983,0,0,319,480,enabled,o,go 37202;
592,-,16983,0,130,317,219,enabled,,
593,-,34421,0,160,319,165,enabled,o,go 14014;pm MU Sirrus;vm 180;
594,left,34421,0,0,319,94,enabled,l,go 49680;pm MU MiddleLoop;vm 80;
595,qsir4,34421,148,214,66,30,enabled,o,go 14014;pm MU Sirrus;vm 100;
596,right,19870,0,333,319,146,enabled,r,go 14014;
597,left,19870,0,0,319,176,enabled,l,go 14014;
598,-,19870,0,179,319,155,enabled,o,go 48636;pm MU Sirrus;vm 80;
599,left,14014,0,0,319,62,enabled,l,go 19870;
600,marker,14014,92,122,24,30,enabled,,
601,-,14014,0,125,319,277,enabled,o,go 18811;
602,right,14014,0,431,319,46,enabled,r,go 19870;
603,-,14014,81,22,183,114,enabled,o,go 34002;
604,-,14014,196,417,28,62,enabled,o,go 18361;
605,marker,18568,28,287,133,91,enabled,,
606,right,18568,0,426,319,53,enabled,r,go 18811;
607,-,18568,0,144,272,194,enabled,o,go 34002;
608,left,18568,0,0,319,63,enabled,l,go 18075;
609,-,18568,177,439,64,34,enabled,o,go 18985;
610,-,18568,165,0,154,120,enabled,o,go 58524;
611,-,18568,116,437,64,18,enabled,o,go 18985;
612,-,18075,0,208,320,90,enabled,o,go 19870;
613,left,18075,0,0,319,68,enabled,l,go 18361;
614,right,18075,0,414,319,65,enabled,r,go 18568;
615,-,18075,133,37,52,60,enabled,o,go 19681;
616,-,18075,138,90,51,55,enabled,o,go 19681;
617,-,18075,142,142,48,44,enabled,o,go 19681;
618,-,18075,238,45,81,115,enabled,o,go 58740;
619,-,18075,149,289,170,125,enabled,o,go 58524;
620,-,18075,0,344,33,39,enabled,o,go 34002;
621,left,18811,1,0,318,82,enabled,l,go 18568;
622,right,18811,0,406,319,73,enabled,r,go 18361;
623,-,18811,101,158,111,45,enabled,o,go 18985;
624,-,18811,32,204,266,79,enabled,o,go 34198;
625,-,18811,140,288,97,32,enabled,o,go 37869;
626,-,18811,122,378,71,101,enabled,o,go 37869;
627,marker,18811,18,10,110,107,enabled,o,go 34002;
628,-,18811,204,335,99,80,enabled,o,go 37869;
629,right,18361,0,383,319,91,enabled,r,go 18075;
630,-,18361,91,216,76,47,enabled,o,go 19260;
631,left,18361,10,0,309,65,enabled,l,go 18811;
632,-,18361,149,370,51,52,enabled,o,go 19681;
633,-,18361,144,25,64,100,enabled,o,go 37869;
634,-,18361,147,436,56,43,enabled,o,go 19681;
635,-,18361,232,0,87,31,enabled,o,go 57679;
636,-,18361,259,409,60,70,enabled,,
637,-,18361,196,260,33,59,enabled,o,go 58930;
638,-,18361,266,401,53,78,enabled,o,go 58740;
639,-,2054,0,120,320,179,enabled,o,go 18075;
640,left,2054,0,0,319,97,enabled,l,go 37869;
641,right,2054,0,382,319,97,enabled,r,go 34198;
642,-,2054,142,381,78,90,enabled,o,go 18985;
643,-,34198,0,152,320,165,enabled,o,go 32588;pm MU Sirrus;vm 50;
644,right,34198,0,360,319,119,enabled,r,go 37869;
645,left,34198,0,0,319,131,enabled,l,go 2054;
646,-,41131,0,188,319,115,enabled,o,go 2054;pm MU Sirrus;vm 180;
647,right,41131,0,306,319,173,enabled,r,go 32588;
648,qsir2,41131,138,223,86,50,enabled,o,go 2054;pm MU Sirrus;vm 180;
649,-,18985,0,0,320,480,enabled,o,go 18811;
650,marker,18985,201,192,94,102,enabled,,
651,marker2,18985,44,224,64,52,enabled,,
652,-,58034,0,0,318,480,enabled,o,go 37869;
653,-,58034,19,142,85,189,enabled,,
654,-,58034,42,238,97,170,enabled,,
655,-,58034,131,338,120,49,enabled,,
656,-,58034,129,229,190,70,enabled,,
657,-,58034,100,68,218,97,enabled,,
658,-,58034,53,47,42,95,enabled,,
659,-,58034,35,123,24,21,enabled,,
660,-,19260,0,0,319,480,enabled,o,go 18361;
661,-,19260,12,194,204,90,enabled,,
662,-,57679,0,0,318,480,enabled,o,go 37869;
663,-,57679,72,157,200,161,enabled,,
664,-,57679,180,48,126,37,enabled,,
665,-,57679,196,78,68,40,enabled,,
666,-,57679,175,391,143,45,enabled,,
667,-,57679,195,363,74,48,enabled,,
668,-,44432,0,0,319,480,enabled,o,go 34002;
669,-,44432,42,127,246,149,enabled,o,go 36999;pm MU Sirrus Cache;vm 100;
670,-,44432,94,187,198,97,enabled,,
671,right,19681,0,403,319,76,enabled,r,go 19870;
672,-,19681,129,75,112,320,enabled,,
673,-,19681,0,185,120,105,enabled,,
674,yellow,19681,176,113,54,56,enabled,,
675,green,19681,173,217,55,37,enabled,,
676,red,19681,172,331,55,31,enabled,,
677,left,19681,0,0,319,76,enabled,l,go 18361;
678,up,19681,263,53,56,370,enabled,u,go 58740;
679,-,58740,0,0,319,480,enabled,o,go 18075;
680,-,58740,137,70,140,41,enabled,,
681,-,58740,162,99,69,41,enabled,,
682,-,58740,142,365,135,39,enabled,,
683,-,58740,161,337,68,32,enabled,,
684,-,58740,103,149,173,181,enabled,,
685,down,58740,0,0,128,480,enabled,d,go 19681;
686,-,10941,0,0,320,480,enabled,a,go 34002;
687,marker,10941,47,111,273,234,enabled,,
688,openbox,10941,65,122,197,202,disabled,,
689,closebox,10941,39,114,280,227,disabled,,
690,left,43824,0,0,319,142,enabled,l,go 18811;
691,-,43824,0,137,319,210,enabled,o,go 18361;
692,right,43824,0,323,319,156,enabled,r,go 18075;
693,left,37869,0,0,319,68,enabled,l,go 34198;
694,-,37869,208,166,111,162,enabled,,
695,-,37869,33,62,250,79,enabled,o,go 58301;
696,-,37869,49,292,176,187,enabled,o,go 58034;
697,-,37869,208,165,110,165,enabled,o,go 57679;
698,right,37869,0,442,319,37,enabled,r,go 18361;
699,-,58524,0,0,319,480,enabled,o,go 18075;
700,-,58524,1,115,308,227,enabled,,
701,-,58301,0,0,319,480,enabled,o,go 37869;
702,-,58301,0,198,319,96,enabled,,
703,-,58930,0,6,319,473,enabled,o,go 18361;
704,-,58930,26,108,268,251,enabled,,
705,marker,34002,74,340,175,95,enabled,,
706,-,34002,0,0,319,480,enabled,o,go 18568;
707,theDoor,34002,81,345,167,89,enabled,,"?? ME_SCacheDoor|ps DR Grayroom Down,sv ME_SCacheDoor=NO,en cache room=NO|ps DR Grayroom Open,sv ME_SCacheDoor=YES,en cache room=YES;go 34002;"
708,-,34002,204,360,92,93,enabled,,"?? ME_SCacheDoor|ps DR Grayroom Down,sv ME_SCacheDoor=NO,en cache room=NO|ps DR Grayroom Open,sv ME_SCacheDoor=YES,en cache room=YES;go 34002;"
709,-,34002,1,75,67,74,enabled,o,go 10941;
710,cache room,34002,88,346,144,93,enabled,o,go 44432;
711,-,34002,141,182,98,105,enabled,o,go 43824;
712,-,34002,123,396,94,62,enabled,,
713,-,34002,205,326,54,30,enabled,,
714,-,34002,172,330,44,29,enabled,,
715,left,7850,0,0,319,118,enabled,l,go 3017;
716,right,7850,0,360,319,117,enabled,r,go 7993;
717,marker,3017,42,190,60,69,enabled,,
718,-,3017,4,82,233,215,enabled,o,go 4421;
719,left,3017,0,1,319,82,enabled,l,go 7054;
720,-,3017,1,268,157,130,enabled,o,go 4850;
721,right,3017,0,391,319,88,enabled,r,go 7850;
722,qsdr,3017,156,232,50,50,enabled,o,go 4421;
723,left,7993,0,0,319,138,enabled,l,go 7850;
724,right,7993,0,341,319,138,enabled,r,go 7054;
725,right,7054,0,310,319,166,enabled,r,go 3017;
726,left,7054,0,2,319,118,enabled,l,go 7993;
727,-,7054,0,157,247,157,enabled,o,go 17290;
728,marker,4421,0,184,130,166,enabled,,
729,-,4421,0,304,238,168,enabled,o,go 4850;
730,left,4421,0,2,319,75,enabled,l,go 7366;
731,-,4421,14,7,100,135,enabled,o,go 8700;
732,-,4421,0,165,198,140,enabled,o,?? ME_SouthStairs|go 8794|go 41678;
733,right,4421,0,444,319,35,enabled,r,go 7366;
734,qsdr,4421,198,304,38,24,enabled,o,go 4850;
735,right,7366,0,337,319,142,enabled,r,go 4421;
736,-,7366,0,301,121,124,enabled,o,go 7054;
737,-,7366,37,120,281,224,enabled,o,go 7993;
738,left,7366,0,0,319,111,enabled,l,go 4421;
739,-,7366,0,335,317,90,enabled,o,go 7054;
740,left,8256,0,0,319,129,enabled,l,go 4850;
741,right,8256,0,360,319,119,enabled,r,go 6858;
742,-,4850,4,111,260,134,enabled,o,go 7467;
743,right,4850,0,374,319,105,enabled,r,go 8256;
744,left,4850,0,0,319,87,enabled,l,go 6858;
745,qsdr,4850,176,120,65,53,enabled,o,go 7467;
746,marker,6858,0,401,42,78,enabled,,
747,-,6858,54,52,223,202,enabled,o,go 7366;
748,right,6858,0,384,319,90,enabled,r,go 4850;
749,-,6858,29,256,156,102,enabled,o,go 8700;
750,left,6858,0,0,319,62,enabled,l,go 8256;
751,left,7467,0,0,319,85,enabled,l,go 6591;
752,right,7467,0,389,319,85,enabled,r,go 57586;
753,-,7467,0,160,251,152,enabled,o,go 4956;
754,qsdr,7467,158,196,72,58,enabled,o,go 4956;
755,marker,6591,0,332,74,148,enabled,,
756,-,6591,0,223,234,199,enabled,o,go 6858;
757,left,6591,0,0,319,126,enabled,l,go 57586;
758,right,6591,0,420,319,59,enabled,r,go 7467;
759,left,57586,1,0,318,106,enabled,l,go 7467;
760,right,57586,1,373,318,106,enabled,r,go 6591;
761,-,41678,0,0,319,480,enabled,o,go 4421;
762,-,41678,0,134,210,202,enabled,o,go 41939;pm MU ME Bookroom;vm 50;
763,-,41939,2,145,238,186,enabled,o,go 42050;pm MU ME Bookroom;vm 80;
764,right,41939,0,372,319,107,enabled,r,go 42335;pm MU ME Bookroom;vm 20;
765,left,41939,0,0,319,107,enabled,l,go 42335;pm MU ME Bookroom;vm 20;
766,-,42503,0,95,318,289,enabled,o,go 7366;pm AR Water:Wind Mov;vm 150;
767,-,37582,0,0,319,480,enabled,o,go 42050;
768,-,37582,11,144,297,192,enabled,o,go 46649;
769,-,42050,0,0,319,480,enabled,o,go 41939;pm MU ME Bookroom;vm 50;
770,-,42050,22,146,198,178,enabled,,
771,-,42050,163,217,55,46,enabled,o,go 37582;
772,-,46649,0,0,319,480,enabled,o,go 42050;
773,-,46649,12,67,294,342,enabled,,
774,marker,46649,169,277,81,110,enabled,,ca X_Linking linkToAge:iMystDB;
775,-,8794,0,5,320,469,enabled,o,go 4421;
776,-,8794,0,162,272,141,enabled,,
777,stairmark,40081,27,176,188,124,enabled,,
778,-,40081,20,178,229,122,enabled,o,"?? ME_SouthStairs|none|go 41678,pm MU Bookroom.Mov,vm 20;"
779,marker,40081,193,175,22,21,enabled,,
780,-,40081,0,0,319,173,enabled,o,go 4421;
781,right,40081,0,269,318,210,enabled,r,go 4850;
782,-,42335,0,168,260,165,enabled,o,go 42503;
783,right,42335,0,346,319,133,enabled,r,go 41939;
784,left,42335,0,0,319,133,enabled,l,go 41939;
785,-,8700,0,232,319,247,enabled,o,go 4421;
786,-,8700,0,2,319,232,enabled,o,go 6858;
787,-,8700,0,108,225,260,enabled,,
788,-,8700,93,165,33,28,enabled,,cb ME_Fortress setCypherBegan:1\setCypherMoved:\setCypherEnded:;
789,-,8700,94,238,30,28,enabled,,cb ME_Fortress setCypherBegan:3\setCypherMoved:\setCypherEnded:;
790,-,8700,93,271,33,29,enabled,,cb ME_Fortress setCypherBegan:4\setCypherMoved:\setCypherEnded:;
791,marker,8700,158,407,20,19,enabled,,
792,-,8700,93,199,33,28,enabled,,cb ME_Fortress setCypherBegan:2\setCypherMoved:\setCypherEnded:;
793,-,8700,41,207,51,49,enabled,o,ps SW PushButton In;ca ME_Fortress checkCypher:;
794,Screen1,8700,145,167,33,22,enabled,,
795,Screen2,8700,145,203,33,22,enabled,,
796,Screen3,8700,145,239,33,22,enabled,,
797,Screen4,8700,145,275,33,22,enabled,,
798,,35943,66,238,100,60,enabled,,cb ME_Fortress levHubBegan:\levHubMoved:\levHubEnded:;
799,,18985,11,199,100,100,enabled,,ca ME_Fortress birdCrank:;
800,,34613,12,168,113,70,enabled,,cb ME_Fortress holoLeftBegan:\holoLeftMoved:\holoLeftEnded:;
801,,34613,12,241,113,70,enabled,,cb ME_Fortress holoRightBegan:\holoRightMoved:\holoRightEnded:;
802,,33554,125,180,97,60,enabled,,cb ME_Fortress hubLeftBegan:\hubLeftMoved:\hubLeftEnded:;
803,,33554,125,240,98,60,enabled,,cb ME_Fortress hubRightBegan:\hubRightMoved:\hubRightEnded:;
804,left,48777,0,0,320,100,enabled,l,go 50726;
805,right,49567,0,390,320,87,enabled,r,go 50727;
806,-,19681,141,310,92,81,enabled,,ca ME_Fortress touchGem:red;
807,-,19681,146,197,91,73,enabled,,ca ME_Fortress touchGem:green;
808,-,19681,147,89,92,85,enabled,,ca ME_Fortress touchGem:yellow;
809,,31555,280,0,40,480,disabled,,
810,left,26366,0,0,320,113,enabled,l,go 12345;
811,left,22133,0,0,304,119,enabled,l,go 12991;
812,right,12991,0,379,320,100,enabled,r,go 22133;
813,right,12583,0,394,315,86,enabled,r,go 26366;
814,right,12345,1,386,319,94,enabled,r,go 26366;
815,left,12236,0,0,249,105,enabled,l,go 26420;
816,right,28915,0,394,316,86,enabled,r,go 29262;
817,right,23934,0,394,315,86,enabled,r,go 9418;
818,right,32588,0,380,319,100,enabled,r,go 41131;
819,right,34421,3,401,317,79,enabled,r,go 49680;pm MU MiddleLoop;vm 80;
820,right,47838,2,400,318,80,enabled,r,go 49680;
821,right,11084,0,401,320,79,enabled,r,go 2383;
822,right,17797,0,415,320,65,enabled,r,go 2383;pm MU Achenar;vm 80;
823,right,9846,0,398,320,81,enabled,r,go 32302;
824,right,24605,1,391,318,89,enabled,r,go 24888;
825,left,25440,0,0,318,61,enabled,l,go 24230;
826,left,32302,0,0,320,78,enabled,l,go 9846;
827,left,2383,0,0,320,78,enabled,l,go 17797;pm MU MiddleLoop;vm 80;
828,left,49680,0,0,320,83,enabled,l,go 34421;
829,left,48636,0,0,320,96,enabled,l,go 34421;
830,left,41131,0,0,320,79,enabled,l,go 32588;
831,left,13535,0,0,320,86,enabled,l,go 23400;
832,marker,14234,0,0,101,192,enabled,,
833,-,14234,70,7,127,142,enabled,o,
834,-,14234,6,161,304,243,enabled,o,go 11389;
835,right,14234,0,395,320,85,enabled,r,go 38472;
836,left,14234,0,0,320,85,enabled,l,go 38472;
837,-,14234,0,10,79,146,enabled,o,go 15266;
838,right,16306,0,325,320,155,enabled,r,?? ME_ElevAtMid|go 31555|go 16622;
839,left,16306,0,0,320,149,enabled,l,?? ME_ElevAtMid|go 31555|go 16622;
840,panMarker,50629,0,162,319,159,enabled,,
841,marker,50629,180,223,139,35,enabled,,
