1,-,21776,0,188,319,274,enabled,o,go 22764;
2,left,21776,0,0,319,153,enabled,l,go 21716;
3,right,21776,0,462,319,17,enabled,r,go 22034;
4,right,22034,0,349,320,140,enabled,r,go 21716;
5,-,22034,0,0,320,270,enabled,o,go 20863;
6,left,22034,0,0,319,17,enabled,l,go 21776;
7,right,21716,0,370,319,109,enabled,r,go 21776;
8,left,21716,0,0,319,97,enabled,l,go 22034;
9,GeaMarker,21716,0,259,92,125,enabled,,
10,ClockPath,21716,60,181,259,169,enabled,o,?? MY_Gears|go 57311;
11,ClockPath2,21716,22,295,60,86,enabled,o,?? MY_Gears|go 57311;
12,clock,21716,211,228,63,59,enabled,,
13,marker,21716,0,130,64,165,enabled,o,go 22299;
14,-,21716,0,280,32,71,enabled,o,go 22299;
15,qclo2,21716,96,240,72,36,enabled,o,?? MY_Gears|go 57311;
16,GeaMarker2,22299,135,269,149,113,enabled,,
17,-,22299,0,0,319,480,enabled,a,go 21716;
18,GeaMarker,22299,133,267,155,115,enabled,,?? MY_Gears|go 57311|go 21716;
19,marker,22299,43,123,120,180,enabled,,
20,none,22299,79,125,84,107,enabled,,cb MY_Clock tWB:big\tWM:big\tWE:;
21,-,22299,88,234,62,68,enabled,,cb MY_Clock tWB:small\tWM:small\tWE:;
22,set,22299,56,284,39,44,enabled,q,cb MY_Clock setHandsBegan:Beach1-W/down (button)\setHandsMoved:\setHandsEnded:22299;
23,right,60828,0,397,320,97,enabled,r,go 56703;
24,-,60828,0,83,319,180,enabled,o,go 22764;pm AR Howling&Birds Mov;vm 100;
25,-,60828,58,287,89,179,enabled,o,go 21716;pm AR Howling&Birds Mov;vm 100;
26,left,60828,0,0,320,85,enabled,l,go 56703;
27,-,60828,146,327,85,133,enabled,o,go 22034;pm AR Howling&Birds Mov;vm 100;
28,qfor2,60828,180,146,68,53,enabled,o,go 22764;pm AR Howling&Birds Mov;vm 100;
29,cloMarker,56703,136,174,23,22,enabled,,
30,right,56703,0,377,319,102,enabled,r,go 60828;
31,left,56703,0,0,319,105,enabled,l,go 60828;
32,-,56703,0,124,319,243,enabled,o,go 57311;pm AR Lite Wind Mov;vm 80;
33,clock,56703,238,214,63,62,enabled,,
34,qclo2,56703,110,227,73,37,enabled,o,go 57311;pm AR Lite Wind Mov;vm 80;
35,-,60452,0,131,319,303,enabled,o,go 60828;pm AR Howling&Birds Mov;vm 50;
36,right,60452,0,426,319,53,enabled,r,go 57311;
37,left,60452,0,0,320,88,enabled,l,go 57311;
38,qfor2,60452,173,194,68,45,enabled,o,go 60828;pm AR Howling&Birds Mov;vm 50;
39,CloMarker,57311,127,111,29,21,enabled,,
40,-,57311,0,97,319,256,enabled,o,go 60085;
41,right,57311,0,369,320,115,enabled,r,go 60452;
42,left,57311,0,0,320,98,enabled,l,go 60452;
43,clock,57311,276,175,44,80,enabled,,
44,-,60372,0,132,319,227,enabled,o,go 60452;
45,right,60372,0,387,317,92,enabled,r,go 60085;
46,left,60372,0,0,320,97,enabled,l,go 60085;
47,qfor2,60372,166,259,49,27,enabled,o,go 60452;
48,qcab right,60372,165,388,61,40,enabled,o,go 60085;
49,doormarker,60085,2,224,279,238,enabled,,?? MY_GearGate|sv MY_CloDOOn=YES|sv MY_CloDOOff=YES;ps DR Creak Open;go 60085;
50,right,60085,0,385,319,94,enabled,r,go 60372;?? MY_CloDOOn|in 0.5\ps DR Door Close;?? MY_CloDOOff|in 0.5\ps DR Door Close;sv MY_CloDOOn=NO;sv MY_CloDOOff=NO;
51,left,60085,0,0,319,100,enabled,l,go 60372;?? MY_CloDOOn|in 0.5\ps DR Door Close;?? MY_CloDOOff|in 0.5\ps DR Door Close;sv MY_CloDOOn=NO;sv MY_CloDOOff=NO;
52,CloMarker,60085,89,48,63,38,enabled,,
53,opendoor,60085,8,225,223,115,disabled,,
54,in,60085,0,220,234,125,enabled,o,"sv MY_CloDOOn=NO;sv MY_CloDOOff=NO;?? MY_GearGate|go 70105,pm FlyGearGate:Music.Moov,vm 150|go 70105,vm 10;"
55,closedoor,60085,1,322,251,70,enabled,,"?? MY_CloDOOn|sv MY_CloDOOn=NO,go 60085,ps DR Door Close;?? MY_CloDOOff|sv MY_CloDOOff=NO,go 60085,ps DR Door Close;"
56,none,72845,0,382,319,97,enabled,o,go 60085;
57,none,72845,0,0,319,102,enabled,o,go 60085;
58,-,72845,8,225,223,115,enabled,o,go 70105;
59,-,72845,0,323,254,68,enabled,o,go 60085;
60,CloMarker,72845,89,47,61,38,enabled,,
61,marker,80371,201,168,24,25,enabled,,
62,marker,81655,183,173,24,25,enabled,,
63,creditMarker,23444,0,41,319,379,enabled,,
64,quitter,23444,0,420,46,28,enabled,,
65,-,59355,5,231,243,129,enabled,o,go 2737;pm BR Seagulls:Water Slosh Mx Mov;vm 180;
66,left,59355,0,0,319,46,enabled,l,go 48097;
67,-,59355,7,90,241,142,enabled,o,go 8336;pm BR Seagulls:Water Slosh Mx Mov;vm 180;
68,right,59355,0,395,319,84,enabled,r,go 48097;
69,-,59355,6,42,243,51,enabled,o,go 77365;pm BR Seagulls:Water Slosh Mx Mov;vm 180;
70,gearMarker,59355,246,339,49,59,enabled,,
71,qgea,59355,242,355,48,46,enabled,,
72,qpla2,59355,156,238,37,43,enabled,o,go 2737;pm BR Seagulls:Water Slosh Mx Mov;vm 180;
73,-,48097,1,131,209,214,enabled,o,go 57582;
74,right,48097,0,377,319,98,enabled,r,go 59355;
75,left,48097,0,7,319,98,enabled,l,go 59355;
76,-,59122,0,134,226,236,enabled,o,go 59355;
77,left,59122,0,0,319,64,enabled,l,go 57582;
78,right,59122,0,395,319,84,enabled,r,go 57582;
79,gearMarker,59122,234,275,38,30,enabled,,
80,qpla2,59122,162,176,27,39,enabled,o,go 59355;
81,-,57582,9,187,189,124,enabled,o,go 57822;pm BR Seagulls:Water Slosh Mx Mov;vm 30;
82,right,57582,0,369,319,110,enabled,r,go 59122;
83,left,57582,0,2,319,110,enabled,l,go 59122;
84,theDoor,57822,47,142,252,174,enabled,,
85,closeDoor,57822,49,278,247,38,enabled,,
86,EnterBoat,57822,57,157,238,128,enabled,o,go 58250;pm FlyStoneship:Music.Moov;vm 60;ps DR Creak Open;
87,openDoor,57822,0,95,319,283,disabled,,
88,right,57822,0,371,319,108,enabled,r,go 59122;pm BR Seagulls:Water Slosh Mx Mov;vm 110;
89,left,57822,0,0,319,93,enabled,l,go 59122;pm BR Seagulls:Water Slosh Mx Mov;vm 100;
90,-,58250,0,98,299,285,enabled,o,go 58602;pm FlyStoneship:Music.Moov;vm 100;
91,-,58803,24,174,288,142,enabled,o,go 59122;pm BR Seagulls:Water Slosh Mx Mov;vm 30;in 0.5\ps DR Door Close;
92,left,58803,0,5,319,101,enabled,l,go 58602;pm FlyStoneship:Music.Moov;vm 100;
93,right,58803,0,372,319,101,enabled,r,go 58602;pm FlyStoneship:Music.Moov;vm 100;
94,right,58602,0,367,319,109,enabled,r,go 58803;pm FlyStoneship:Music.Moov;vm 60;
95,left,58602,0,0,319,86,enabled,l,go 58803;pm FlyStoneship:Music.Moov;vm 60;
96,-,58602,85,199,84,87,enabled,o,go 73177;pm FlyStoneship:Music.Moov;vm 150;
97,-,73177,0,0,320,480,enabled,o,go 58602;pm FlyStoneship:Music.Moov;vm 100;
98,-,73177,12,150,292,184,enabled,o,go 77008;
99,-,77008,0,0,319,480,enabled,o,go 58602;pm FlyStoneShip:Music.Moov;vm 100;
100,marker,77008,151,278,80,109,enabled,,ca X_Linking linkToAge:iStoneshipDB;
101,-,83883,0,0,319,480,enabled,o,go 48938;
102,-,83883,15,170,290,195,enabled,o,go 84121;
103,-,76069,0,0,319,480,enabled,o,go 48938;
104,-,76069,9,153,292,177,enabled,o,go 84241;
105,-,84489,0,0,319,480,enabled,o,go 48938;
106,-,84489,11,148,294,193,enabled,o,go 84836;
107,-,85075,0,0,319,480,enabled,o,go 48938;
108,-,85075,10,151,286,178,enabled,o,go 85465;
109,-,84121,0,0,319,480,enabled,o,go 48938;
110,-,84121,9,87,288,334,enabled,,
111,-,84241,0,0,319,480,enabled,o,go 48938;
112,-,84241,17,72,280,333,enabled,,
113,-,84836,0,0,319,480,enabled,o,go 48938;
114,-,84836,14,76,283,339,enabled,,
115,-,85465,0,0,319,480,enabled,o,go 48938;
116,-,85465,11,77,290,335,enabled,,
117,-,74738,0,0,319,480,enabled,o,go 48938;
118,-,74738,13,77,295,171,enabled,,cb MY_Library pageBegan:\pageMoved:\pageEnded:prev=CH;
119,-,74738,13,247,295,171,enabled,,cb MY_Library pageBegan:\pageMoved:\pageEnded:next=CH;
120,-,74269,0,0,319,480,enabled,o,go 48938;
121,-,74269,10,144,298,193,enabled,o,go 74738;
122,-,79654,0,0,319,480,enabled,o,go 48938;
123,-,79654,10,251,295,185,enabled,o,go 80097;
124,pagechange,80097,109,138,101,255,enabled,,
125,-,80097,10,0,309,480,enabled,o,go 48938;
126,none,80097,16,96,277,172,enabled,,cb MY_Library pageBegan:\pageMoved:\pageEnded:prev=Pattern;
127,none,80097,18,267,281,158,enabled,,cb MY_Library pageBegan:\pageMoved:\pageEnded:next=Pattern;
128,-,75053,0,0,319,480,enabled,o,go 48938;
129,-,75053,7,248,300,163,enabled,,cb MY_Library pageBegan:\pageMoved:\pageEnded:next=ME;
130,-,75053,12,77,293,172,enabled,,cb MY_Library pageBegan:\pageMoved:\pageEnded:prev=ME;
131,-,74947,0,0,319,480,enabled,o,go 48938;
132,-,74947,4,89,298,195,enabled,o,go 75053;
133,-,75735,0,0,319,480,enabled,o,go 75389;
134,-,75735,5,55,299,337,enabled,,
135,-,83051,0,0,319,480,enabled,o,go 48938;
136,-,83051,14,78,293,168,enabled,,cb MY_Library pageBegan:\pageMoved:\pageEnded:prev=SE;
137,-,83051,13,252,292,159,enabled,,cb MY_Library pageBegan:\pageMoved:\pageEnded:next=SE;
138,-,75389,0,0,319,480,enabled,o,go 48938;
139,-,75389,8,130,298,196,enabled,o,go 83051;
140,-,73926,0,0,319,480,enabled,o,go 48938;
141,-,73926,14,247,298,165,enabled,,cb MY_Library pageBegan:\pageMoved:\pageEnded:next=ST;
142,-,73926,13,78,293,168,enabled,,cb MY_Library pageBegan:\pageMoved:\pageEnded:prev=ST;
143,-,73496,0,0,319,480,enabled,o,go 48938;
144,-,73496,11,192,298,200,enabled,o,go 73926;
145,markerGauge,36854,172,224,16,30,enabled,,
146,markerFire,36854,71,224,14,44,enabled,,
147,markerPilot,36854,64,201,9,8,enabled,,
148,marker,36854,37,304,148,84,enabled,,
149,-,36854,46,92,194,291,enabled,o,go 36943;
150,right,36854,0,406,320,82,enabled,r,go 37341;
151,left,36854,0,0,320,80,enabled,l,go 37341;
152,-,36943,82,15,160,88,enabled,,
153,left,36943,0,0,319,145,enabled,l,go 37341;
154,marker,36943,0,350,228,131,enabled,,
155,right,36943,0,338,319,141,enabled,r,go 37341;
156,-,36943,89,439,122,40,disabled,,
157,markerFire,36943,25,211,27,79,enabled,,
158,wheel,36943,62,361,178,118,enabled,,cb MY_Cabin tWB:\tWM:marker=array\tWE:;
159,MarkerPilot,36943,13,174,19,16,enabled,,
160,-,36943,177,207,60,59,enabled,,
161,markerGauge,36943,199,215,28,44,enabled,,
162,-,36943,136,428,24,22,disabled,,
163,right,37341,0,398,320,82,enabled,r,go 36854;
164,left,37341,0,0,320,62,enabled,l,go 36854;
165,-,37341,98,339,106,102,enabled,o,go 37618;
166,-,37341,48,197,162,87,enabled,o,sv MY_Match=NO;sv MY_MatchLit=NO;sv MY_MatchBurnt=NO;go 21170;in 0.5\ps DR Creak2;in 1.6\ps DR Door Close;pm AR Howling&Birds Mov;vm 100;
167,-,37618,0,0,319,480,enabled,o,go 37341;
168,-,37618,25,99,266,265,enabled,,
169,marker,37618,158,187,24,27,enabled,,
170,handle,37618,39,142,101,99,enabled,,
171,D1,37618,193,191,13,10,enabled,,
172,safe1,37618,158,188,25,19,enabled,,sc safe1=Cabin-SafeButtonsDown=0=0=27=25;cb MY_Cabin setSafeBegan:D1\setSafeMoved:\setSafeEnded:37618;
173,D2,37618,193,208,13,11,enabled,,
174,D3,37618,193,225,13,11,enabled,,
175,safe2,37618,158,207,25,16,enabled,,sc safe2=Cabin-SafeButtonsDown=0=20=25=20;cb MY_Cabin setSafeBegan:D2\setSafeMoved:\setSafeEnded:37618;
176,safe3,37618,158,223,25,17,enabled,,sc safe3=Cabin-SafeButtonsDown=0=40=25=20;cb MY_Cabin setSafeBegan:D3\setSafeMoved:\setSafeEnded:37618;
177,-,37618,91,142,57,89,enabled,o,cb MY_Cabin pullSafeBegan:\pullSafeMoved:handle=37940\pullSafeEnded:handle=37940;
178,-,37752,70,156,70,73,enabled,,
179,D1,37752,189,189,20,12,enabled,,
180,D2,37752,189,207,20,12,enabled,,
181,D3,37752,189,224,20,12,enabled,,
182,marker,37940,58,222,34,35,enabled,,
183,-,37940,0,7,319,462,enabled,o,ps DR SafeClose;go 37752;
184,-,37940,26,105,265,152,enabled,,
185,matchbox,37940,66,187,38,55,disabled,,
186,Match,37940,61,185,48,72,enabled,,?? MY_Matchbook|sv MY_Match=YES|sv MY_Matchbook=YES;go 37940;
187,none,37940,0,257,319,142,enabled,o,ps DR SafeClose;go 37752;
188,matchstrip,37940,71,190,27,30,disabled,,
189,left,37940,0,7,319,125,enabled,l,ps DR SafeClose;go 36854;
190,right,37940,0,426,319,53,enabled,r,ps DR SafeClose;go 36854;
191,right,71232,0,360,320,144,enabled,r,go 70105;
192,left,71232,0,0,320,110,enabled,l,go 70105;
193,-,71232,11,187,246,120,enabled,o,go 60372;in 0.5\ps DR Door Close;pm AR Lite Wind Mov;vm 200;
194,rightlever,70105,76,289,123,24,enabled,,
195,rightswitch,70105,88,272,101,49,enabled,,
196,ratchetmarker,70105,166,330,153,39,enabled,,
197,ratchetSwitch,70105,140,331,179,39,enabled,,
198,leftlever,70105,76,154,124,30,enabled,,
199,leftswitch,70105,86,152,105,53,enabled,,
200,-,70105,204,332,60,40,enabled,q,cb MY_Clock pullLeverBegan:\pullLeverMoved:ratchetSwitch\pullLeverEnded:ratchetSwitch;
201,right,70105,0,382,319,97,enabled,r,go 71232;
202,left,70105,0,0,320,107,enabled,l,go 71232;
203,-,70105,148,159,50,40,enabled,q,cb MY_Clock pullLeverBegan:\pullLeverMoved:leftswitch\pullLeverEnded:leftswitch;
204,GateMarker,70105,22,172,81,134,enabled,,
205,weightMarker,70105,22,109,298,39,enabled,,
206,gear1,70105,242,197,29,81,enabled,,
207,gear2,70105,218,198,23,80,enabled,,
208,gear3,70105,198,198,17,80,enabled,,
209,-,70105,145,279,50,40,enabled,q,cb MY_Clock pullLeverBegan:\pullLeverMoved:rightswitch\pullLeverEnded:rightswitch;
210,boatMarker,8336,0,242,319,237,enabled,,
211,gearMarker,8336,219,191,39,67,enabled,,
212,DocMarker,8336,145,253,14,14,enabled,,
213,-,8336,0,156,226,148,enabled,o,go 2737;
214,right,8336,0,367,319,112,enabled,r,go 2838;
215,boat,8336,17,323,120,94,enabled,o,"?? MY_Boat|go 59122,pm BR Seagulls:Water Slosh Mx Mov,vm 110;"
216,left,8336,0,0,319,128,enabled,l,go 77365;
217,tester,8336,240,289,54,66,enabled,,
218,qpla2,8336,135,150,56,60,enabled,o,go 2737;
219,qgea,8336,215,195,41,61,enabled,o,go 2737;
220,moovMarker,8336,273,374,46,105,enabled,,
221,door,77365,11,193,122,97,enabled,,
222,left,77365,0,0,319,134,enabled,l,"go 4734;?? MY_DockDoor|sv MY_DockDoor=NO,in 0.5\ps DR Grayroom Down;"
223,right,77365,0,345,319,134,enabled,r,"go 8336;?? MY_DockDoor|sv MY_DockDoor=NO,in 0.5\ps DR Grayroom Down;"
224,qste,77365,139,209,91,89,enabled,,
225,doorMarker,77365,10,201,118,67,enabled,,
226,-,77365,9,191,123,100,enabled,o,"?? MY_DockDoor|go 5234,pm BR Seagulls:Water Slosh Mx Mov,vm 60,sv MY_DockDoor=NO|sv MY_DockDoor=YES,ps DR Grayroom Down,go 77365;"
227,boatMarker,2838,5,0,313,480,enabled,,
228,left,2838,0,0,319,85,enabled,l,go 8336;
229,right,2838,0,382,319,97,enabled,r,go 4734;
230,boat,2838,2,172,137,135,enabled,o,?? MY_Boat|go 57582;
231,boat2,2838,0,75,141,97,enabled,o,"?? MY_Boat|go 59122,pm BR Seagulls:Water Slosh Mx Mov,vm 110;"
232,moovMarker,2838,273,372,46,105,enabled,,
233,left,4734,0,0,320,121,enabled,l,go 2838;
234,right,4734,0,375,319,104,enabled,r,go 77365;
235,right,2737,0,368,319,111,enabled,r,go 4495;
236,-,2737,5,0,216,248,enabled,o,go 5026;
237,DocMarker,2737,104,310,41,36,enabled,,
238,gearMarker,2737,260,161,58,106,enabled,,
239,marker2,2737,0,299,92,74,enabled,,"ca MY_Library checkDocMarkerSwitch:;?? MY_VaultOpen|ca X_Global grabPage:MY_WhitePage,ca MY_Library checkDocMarkerSwitch:,go 2737;"
240,page,2737,33,307,47,32,disabled,,
241,left,2737,0,0,118,95,enabled,l,go 4495;
242,qgea,2737,249,142,70,124,enabled,,
243,-,4495,13,157,195,203,enabled,o,go 4734;
244,left,4495,0,0,320,139,enabled,l,go 2737;
245,right,4495,0,367,320,112,enabled,r,go 2737;
246,boat,4495,15,17,129,142,enabled,o,"?? MY_Boat|go 48097,pm BR Seagulls:Water Slosh Mx Mov,vm 110|go 2737;"
247,qboa,4495,73,72,43,33,enabled,o,"?? MY_Boat|go 48097,pm BR Seagulls:Water Slosh Mx Mov,vm 110|go 2737;"
248,qste right,4495,160,382,69,69,enabled,o,go 2737;
249,boatmarker,5026,123,66,133,155,enabled,,
250,-,5026,0,0,313,365,enabled,o,go 6798;pm BR Seagulls:Water Slosh Mx Mov;vm 110;
251,right,5026,86,363,162,116,enabled,r,go 5726;pm BR Seagulls:Water Slosh Mx Mov;vm 80;
252,left,5026,0,0,106,150,enabled,l,go 4495;
253,marker1,56926,157,129,28,22,enabled,,
254,marker2,56926,107,308,134,93,enabled,,
255,theDoor,56926,0,76,319,336,enabled,o,go 46739;pm AR Lite Wind Mov;vm 30;
256,-,56926,118,19,60,57,enabled,o,ps SW PushButton In;ps DR FrplDr Dn;go 61587;
257,theDoor,61587,0,75,319,335,enabled,,
258,-,61587,132,28,28,37,enabled,o,go 56926;ps DR FrplDr Up;
259,switch,63906,105,33,60,28,enabled,o,ca MY_Library frplDoneCheck:;
260,x11,63906,132,152,25,22,enabled,,cb MY_Library frplHitBegan:1=1\frplHitMoved:\frplHitEnded:;
261,x12,63906,132,175,25,22,enabled,,cb MY_Library frplHitBegan:1=2\frplHitMoved:\frplHitEnded:;
262,x13,63906,132,198,25,22,enabled,,cb MY_Library frplHitBegan:1=3\frplHitMoved:\frplHitEnded:;
263,x14,63906,132,221,25,22,enabled,,cb MY_Library frplHitBegan:1=4\frplHitMoved:\frplHitEnded:;
264,x15,63906,132,244,25,22,enabled,,cb MY_Library frplHitBegan:1=5\frplHitMoved:\frplHitEnded:;
265,x16,63906,132,267,25,22,enabled,,cb MY_Library frplHitBegan:1=6\frplHitMoved:\frplHitEnded:;
266,x17,63906,132,290,25,22,enabled,,cb MY_Library frplHitBegan:1=7\frplHitMoved:\frplHitEnded:;
267,x18,63906,132,313,25,22,enabled,,cb MY_Library frplHitBegan:1=8\frplHitMoved:\frplHitEnded:;
268,x21,63906,108,152,25,22,enabled,,cb MY_Library frplHitBegan:2=1\frplHitMoved:\frplHitEnded:;
269,x22,63906,108,175,25,22,enabled,,cb MY_Library frplHitBegan:2=2\frplHitMoved:\frplHitEnded:;
270,x23,63906,108,198,25,22,enabled,,cb MY_Library frplHitBegan:2=3\frplHitMoved:\frplHitEnded:;
271,x24,63906,108,221,25,22,enabled,,cb MY_Library frplHitBegan:2=4\frplHitMoved:\frplHitEnded:;
272,x25,63906,108,244,25,22,enabled,,cb MY_Library frplHitBegan:2=5\frplHitMoved:\frplHitEnded:;
273,x26,63906,108,267,25,22,enabled,,cb MY_Library frplHitBegan:2=6\frplHitMoved:\frplHitEnded:;
274,x27,63906,108,290,25,22,enabled,,cb MY_Library frplHitBegan:2=7\frplHitMoved:\frplHitEnded:;
275,x28,63906,108,313,25,22,enabled,,cb MY_Library frplHitBegan:2=8\frplHitMoved:\frplHitEnded:;
276,x31,63906,84,152,25,22,enabled,,cb MY_Library frplHitBegan:3=1\frplHitMoved:\frplHitEnded:;
277,x32,63906,84,175,25,22,enabled,,cb MY_Library frplHitBegan:3=2\frplHitMoved:\frplHitEnded:;
278,x33,63906,84,198,25,22,enabled,,cb MY_Library frplHitBegan:3=3\frplHitMoved:\frplHitEnded:;
279,x34,63906,84,221,25,22,enabled,,cb MY_Library frplHitBegan:3=4\frplHitMoved:\frplHitEnded:;
280,x35,63906,84,244,25,22,enabled,,cb MY_Library frplHitBegan:3=5\frplHitMoved:\frplHitEnded:;
281,x36,63906,84,267,25,22,enabled,,cb MY_Library frplHitBegan:3=6\frplHitMoved:\frplHitEnded:;
282,x37,63906,84,290,25,22,enabled,,cb MY_Library frplHitBegan:3=7\frplHitMoved:\frplHitEnded:;
283,x38,63906,84,313,25,22,enabled,,cb MY_Library frplHitBegan:3=8\frplHitMoved:\frplHitEnded:;
284,x41,63906,60,152,25,22,enabled,,cb MY_Library frplHitBegan:4=1\frplHitMoved:\frplHitEnded:;
285,x42,63906,60,175,25,22,enabled,,cb MY_Library frplHitBegan:4=2\frplHitMoved:\frplHitEnded:;
286,x43,63906,60,198,25,22,enabled,,cb MY_Library frplHitBegan:4=3\frplHitMoved:\frplHitEnded:;
287,x44,63906,60,221,25,22,enabled,,cb MY_Library frplHitBegan:4=4\frplHitMoved:\frplHitEnded:;
288,x45,63906,60,244,25,22,enabled,,cb MY_Library frplHitBegan:4=5\frplHitMoved:\frplHitEnded:;
289,x46,63906,60,267,25,22,enabled,,cb MY_Library frplHitBegan:4=6\frplHitMoved:\frplHitEnded:;
290,x47,63906,60,290,25,22,enabled,,cb MY_Library frplHitBegan:4=7\frplHitMoved:\frplHitEnded:;
291,x48,63906,60,313,25,22,enabled,,cb MY_Library frplHitBegan:4=8\frplHitMoved:\frplHitEnded:;
292,x51,63906,36,152,25,22,enabled,,cb MY_Library frplHitBegan:5=1\frplHitMoved:\frplHitEnded:;
293,x52,63906,36,175,25,22,enabled,,cb MY_Library frplHitBegan:5=2\frplHitMoved:\frplHitEnded:;
294,x53,63906,36,198,25,22,enabled,,cb MY_Library frplHitBegan:5=3\frplHitMoved:\frplHitEnded:;
295,x54,63906,36,221,25,22,enabled,,cb MY_Library frplHitBegan:5=4\frplHitMoved:\frplHitEnded:;
296,x55,63906,36,244,25,22,enabled,,cb MY_Library frplHitBegan:5=5\frplHitMoved:\frplHitEnded:;
297,x56,63906,36,267,25,22,enabled,,cb MY_Library frplHitBegan:5=6\frplHitMoved:\frplHitEnded:;
298,x57,63906,36,290,25,22,enabled,,cb MY_Library frplHitBegan:5=7\frplHitMoved:\frplHitEnded:;
299,x58,63906,36,313,25,22,enabled,,cb MY_Library frplHitBegan:5=8\frplHitMoved:\frplHitEnded:;
300,x61,63906,12,152,25,22,enabled,,cb MY_Library frplHitBegan:6=1\frplHitMoved:\frplHitEnded:;
301,x62,63906,12,175,25,22,enabled,,cb MY_Library frplHitBegan:6=2\frplHitMoved:\frplHitEnded:;
302,x63,63906,12,198,25,22,enabled,,cb MY_Library frplHitBegan:6=3\frplHitMoved:\frplHitEnded:;
303,x64,63906,12,221,25,22,enabled,,cb MY_Library frplHitBegan:6=4\frplHitMoved:\frplHitEnded:;
304,x65,63906,12,244,25,22,enabled,,cb MY_Library frplHitBegan:6=5\frplHitMoved:\frplHitEnded:;
305,x66,63906,12,267,25,22,enabled,,cb MY_Library frplHitBegan:6=6\frplHitMoved:\frplHitEnded:;
306,x67,63906,12,290,25,22,enabled,,cb MY_Library frplHitBegan:6=7\frplHitMoved:\frplHitEnded:;
307,x68,63906,12,313,25,22,enabled,,cb MY_Library frplHitBegan:6=8\frplHitMoved:\frplHitEnded:;
308,marker,63906,287,147,27,22,enabled,,
309,theDoor,65888,0,77,319,335,enabled,,
310,marker,65888,287,147,27,22,enabled,,
311,theDoor,71909,0,78,319,336,enabled,,
312,-,71909,105,33,60,28,enabled,o,pv Fireplace Out-F.m4v\go 65888=n;
313,redpage,71909,42,243,102,77,enabled,,"?? MY_RedPage|no |ca X_Global grabPage:MY_RedPage,go 71909;"
314,bluepage,71909,42,168,102,76,enabled,,"?? MY_BluePage|no |ca X_Global grabPage:MY_BluePage,go 71909;"
315,-,71909,155,210,111,71,enabled,o,go 23753;
316,-,23753,0,0,319,480,enabled,o,go 71909;
317,-,23753,9,148,294,187,enabled,o,go 28552;
318,-,28552,0,0,319,480,enabled,a,go 71909;
319,-,28552,10,67,292,341,enabled,,
320,marker,28552,152,277,93,117,enabled,,ca X_Linking linkToAge:iDunnyDB;
321,GarMarker,19240,196,259,14,14,enabled,,
322,boatMarker,19240,191,218,10,22,enabled,,
323,-,19240,0,152,279,187,enabled,o,go 16774;pm AR Lite Wind Mov;vm 50;
324,right,19240,0,387,320,99,enabled,r,go 17084;
325,left,19240,0,0,320,155,enabled,l,go 17571;
326,qlib,19240,192,197,45,61,enabled,o,go 16774;pm AR Lite Wind Mov;vm 50;
327,clock,18993,175,177,26,24,enabled,,
328,-,18993,101,156,164,118,enabled,o,go 17319;
329,-,18993,0,75,188,228,enabled,o,go 17084;
330,right,18993,0,290,172,195,enabled,r,go 17571;pm AR Howling&Birds Mov;vm 100;
331,left,18993,0,0,320,74,enabled,l,go 19240;
332,qclo,18993,119,164,104,53,enabled,o,go 17319;
333,MinMarker,18304,142,74,25,20,enabled,,
334,-,18304,0,56,262,151,enabled,o,go 17571;
335,-,18304,0,246,249,164,enabled,o,go 19240;
336,right,18304,0,414,320,72,enabled,r,go 17825;
337,left,18304,0,0,320,36,enabled,l,go 17319;
338,qlib,18304,189,342,19,20,enabled,o,go 19240;
339,qfou,18304,145,307,78,70,enabled,o,go 19240;
340,clock,17084,163,337,34,33,enabled,,
341,-,17084,18,212,242,187,enabled,o,go 17319;
342,right,17084,0,396,320,98,enabled,r,go 17571;
343,-,17084,0,51,202,156,enabled,o,go 17825;
344,left,17084,0,0,320,46,enabled,l,go 19240;
345,qclo,17084,86,315,120,60,enabled,o,go 17319;
346,right,17571,0,404,320,81,enabled,r,go 19240;
347,left,17571,0,0,320,81,enabled,l,go 17084;
348,-,17571,38,333,237,75,enabled,o,go 27316;pm AR Lite Wind Mov;vm 200;
349,-,17571,53,209,178,90,enabled,o,go 44417;pm MU Generator Stairs Mov;vm 75;
350,MinMarker,17571,89,72,55,52,enabled,,?? MY_MinMarker|sv MY_MinMarker=NO|sv MY_MinMarker=YES;go 17571;ps SW Marker;
351,qgen,17571,108,223,93,44,enabled,o,go 44417;pm MU Generator Stairs Mov;vm 75;
352,right,18697,0,442,320,38,enabled,r,go 17571;
353,-,18697,0,212,176,231,enabled,o,go 17084;
354,-,18697,0,37,260,175,enabled,o,go 19240;pm AR Howling&Birds Mov;vm 50;
355,left,18697,0,0,320,37,enabled,l,go 17571;
356,left,17948,0,0,319,48,enabled,l,go 17825;
357,-,17948,2,217,292,252,enabled,o,go 18304;
358,-,17948,30,0,194,218,enabled,o,go 17319;
359,right,17948,0,440,320,54,enabled,r,go 17825;
360,CabMarker,17825,150,245,20,18,enabled,,
361,right,17825,0,374,320,120,enabled,r,go 17319;
362,left,17825,0,0,320,75,enabled,l,go 18304;
363,-,17825,0,100,284,253,enabled,o,go 21343;
364,doormarker,19652,76,176,142,73,enabled,,"?? MY_CabinDoor|go 36854|sv MY_CabinDoor=YES,go 19652,ps DR Creak Open;"
365,left,19652,0,0,319,104,enabled,l,"go 19909;?? MY_CabinDoor|sv MY_CabinDoor=NO,in 0.5\ps DR Door Close;"
366,right,19652,0,346,319,132,enabled,r,"go 21170;?? MY_CabinDoor|sv MY_CabinDoor=NO,in 0.5\ps DR Door Close;"
367,qtre,19652,31,393,229,85,enabled,o,"go 31619;?? MY_CabinDoor|sv MY_CabinDoor=NO,in 0.5\ps DR Door Close;"
368,opendoor,19652,87,184,123,59,disabled,,
369,CabMarker,19652,147,283,37,31,enabled,,
370,entercabin,19652,80,181,129,62,disabled,o,go 36854;
371,right,38306,0,371,319,108,enabled,r,go 21170;
372,-,38306,83,182,123,62,enabled,o,go 36854;
373,left,38306,29,13,181,90,enabled,l,go 19909;
374,-,38306,31,405,177,41,enabled,o,go 31619;
375,CabMarker,38306,147,282,36,31,enabled,,
376,-,19909,0,142,265,182,enabled,o,go 17948;
377,right,19909,0,362,320,126,enabled,r,go 21343;
378,left,19909,0,0,319,112,enabled,l,go 21170;
379,doormarker,21343,34,131,183,92,enabled,,"?? MY_CabinDoor|go 36854|sv MY_CabinDoor=YES,go 21343,ps DR Creak Open;"
380,right,21343,0,394,320,93,enabled,r,"go 21170;?? MY_CabinDoor|sv MY_CabinDoor=NO,in 0.5\ps DR Door Close;"
381,left,21343,0,0,320,57,enabled,l,"go 19909;?? MY_CabinDoor|sv MY_CabinDoor=NO,in 0.5\ps DR Door Close;"
382,opendoor,21343,44,126,172,93,disabled,,
383,-,21343,29,304,182,91,enabled,o,"go 31619;?? MY_CabinDoor|sv MY_CabinDoor=NO,in 0.5\ps DR Door Close;"
384,CabMarker,21343,131,289,31,25,enabled,,
385,-,21343,34,279,94,47,enabled,,
386,entercabin,21343,39,134,170,76,disabled,o,go 36854;pm stop;
387,-,36553,29,304,182,91,enabled,o,go 31619;
388,right,36553,0,388,319,91,enabled,r,go 21170;
389,left,36553,0,0,319,65,enabled,l,go 19909;
390,-,36553,19,133,185,78,enabled,o,go 36854;
391,CabMarker,36553,130,288,31,24,enabled,,
392,-,36553,35,276,91,50,enabled,,
393,-,21170,0,162,289,172,enabled,o,go 20099;
394,-,21170,0,394,320,77,enabled,o,go 19652;
395,left,21170,0,0,320,79,enabled,l,go 19652;
396,right,21170,0,393,319,86,enabled,r,go 19909;
397,qclo,21170,94,267,45,13,enabled,o,go 20099;
398,-,18553,0,108,264,181,enabled,o,go 18304;
399,-,18553,31,272,135,165,enabled,o,go 17825;
400,left,18553,0,0,320,65,enabled,l,go 17319;
401,right,18553,0,425,320,57,enabled,r,go 17319;
402,qfou,18553,168,195,39,33,enabled,o,go 18304;
403,GeaMarker,17319,62,220,48,46,enabled,,
404,clock,17319,181,213,39,36,enabled,,
405,-,17319,0,135,293,172,enabled,o,go 22896;
406,right,17319,0,405,320,85,enabled,r,go 18304;
407,left,17319,0,0,320,89,enabled,l,go 17825;
408,qclo2,17319,108,217,49,30,disabled,o,go 22896;
409,-,22764,0,140,320,198,enabled,o,go 18553;
410,right,22764,0,382,320,100,enabled,r,go 22896;
411,left,22764,0,0,320,102,enabled,l,go 22896;
412,qfor2,22764,152,216,66,41,enabled,o,go 18553;
413,GeaMarker,22896,12,261,96,91,enabled,,
414,clock,22896,213,284,50,48,enabled,,
415,left,22896,0,0,319,75,enabled,l,go 22764;
416,right,22896,0,390,319,89,enabled,r,go 22764;
417,-,22896,21,103,98,114,enabled,o,go 21716;
418,ClockPath,22896,0,226,291,143,enabled,o,?? MY_Gears|go 56703;
419,qclo2,22896,110,293,57,27,disabled,o,go 56703;
420,CabMarker,20226,173,260,18,17,enabled,,
421,right,20226,0,404,320,79,enabled,r,go 20099;
422,left,20226,0,0,320,69,enabled,l,go 20099;
423,-,20226,16,360,228,59,enabled,o,go 31619;
424,-,20226,0,115,298,226,enabled,o,go 19652;
425,qtre,20226,159,367,58,25,enabled,o,go 31619;
426,GeaMarker,20099,91,285,23,30,enabled,,
427,right,20099,0,427,320,57,enabled,r,go 20226;
428,left,20099,0,0,320,63,enabled,l,go 20226;
429,-,20099,1,157,270,175,enabled,o,go 20615;
430,qclo,20099,63,289,32,41,enabled,o,go 20615;
431,CabMarker,20863,186,241,16,13,enabled,,
432,-,20863,0,126,308,204,enabled,o,go 20226;
433,right,20863,0,392,320,94,enabled,r,go 20615;
434,left,20863,0,0,320,80,enabled,l,go 20615;
435,qcab,20863,159,207,50,27,enabled,o,go 20226;
436,GeaMarker,20615,65,199,40,90,enabled,,
437,-,20615,0,195,199,170,enabled,o,go 21716;
438,right,20615,0,414,320,80,enabled,r,go 20863;
439,clock,20615,191,168,43,37,enabled,,
440,qclo2,20615,98,170,62,34,enabled,,
441,left,80989,0,0,319,165,enabled,l,go 14569;
442,right,80989,0,339,319,140,enabled,r,go 14817;
443,-,80989,0,165,319,176,enabled,o,go 39131;
444,-,80989,139,36,60,60,enabled,o,go 33253;
445,-,80989,208,418,60,60,enabled,o,go 39621;
446,left,80753,0,0,319,120,enabled,l,go 14817;
447,right,80753,0,323,319,156,enabled,r,go 14569;
448,-,80753,58,149,229,164,enabled,o,go 39194;
449,-,80753,198,0,60,60,enabled,o,go 39902;
450,-,80753,147,408,60,60,enabled,o,go 33326;
451,left,78996,0,0,319,102,enabled,l,go 15359;
452,right,78996,0,323,319,156,enabled,r,go 15587;
453,-,78996,105,20,60,60,enabled,o,go 40072;
454,-,78996,0,152,319,172,enabled,o,go 33253;
455,-,78996,172,408,60,60,enabled,o,go 39131;
456,left,81200,0,0,319,136,enabled,l,go 15587;
457,right,81200,0,356,319,123,enabled,r,go 15359;
458,garmarker,81200,122,314,43,39,enabled,,?? MY_GarMarker|sv MY_GarMarker=NO|sv MY_GarMarker=YES;go 81200;ps SW Marker;
459,-,81200,166,19,60,60,enabled,o,go 39194;
460,-,81200,130,420,60,60,enabled,o,go 40436;
461,-,81200,66,214,241,78,enabled,o,go 33326;
462,right,82458,0,362,319,117,enabled,r,go 16155;
463,left,82458,0,0,319,120,enabled,l,go 15974;
464,-,82458,145,160,60,60,enabled,o,go 40072;
465,-,82458,180,344,60,60,enabled,o,go 33253;
466,left,26459,0,0,319,136,enabled,l,go 16155;
467,right,26459,0,343,319,136,enabled,r,go 15974;
468,garMarker,26459,186,69,39,33,enabled,,
469,-,26459,165,263,60,60,enabled,o,go 40436;
470,right,83270,0,338,319,141,enabled,r,go 16774;
471,left,83270,0,0,319,104,enabled,l,go 16440;
472,-,83270,34,57,199,67,enabled,o,go 27316;
473,-,83270,190,280,22,22,enabled,o,go 40072;
474,left,82706,0,0,319,139,enabled,l,go 16774;
475,right,82706,0,341,319,138,enabled,r,go 16440;
476,-,82706,109,172,200,60,enabled,o,go 40436;
477,-,26663,36,265,249,216,enabled,o,go 12527;pm AR Lite Wind Mov;vm 230;
478,right,26663,0,430,157,52,enabled,r,go 27005;
479,left,26663,0,0,320,78,enabled,l,go 27005;
480,-,26663,0,112,265,132,enabled,o,go 24061;pm AR Lite Wind Mov;vm 180;
481,-,26663,1,217,117,189,enabled,o,go 12527;pm AR Lite Wind Mov;vm 230;
482,qbre2,26663,138,190,115,47,enabled,o,go 24061;pm AR Lite Wind Mov;vm 180;
483,qshi,26663,206,329,42,132,enabled,o,go 12527;pm AR Lite Wind Mov;vm 230;
484,boatMarker,27005,131,167,99,89,enabled,,
485,-,27005,0,144,245,179,enabled,o,go 12224;pm AR Lite Wind Mov;vm 200;
486,-,27005,53,316,169,165,enabled,o,go 11357;
487,-,27005,70,0,176,167,enabled,o,go 11521;
488,right,27005,0,441,319,38,enabled,r,go 26663;
489,left,27005,0,0,319,49,enabled,l,go 26663;
490,right,11521,0,405,320,78,enabled,r,go 12224;
491,left,11521,0,0,319,99,enabled,l,go 11943;
492,-,11521,81,215,151,65,enabled,o,go 46094;pm AR Lite Wind Mov;vm 30;
493,qshi left,11521,130,0,36,55,enabled,o,go 11943;
494,right,11943,0,405,320,81,enabled,r,go 11521;
495,left,11943,0,0,320,121,enabled,l,go 11357;
496,-,11943,0,120,200,285,enabled,o,go 26663;pm AR Lite Wind Mov;vm 200;
497,qbre2,11943,87,251,77,40,enabled,o,go 26663;pm AR Lite Wind Mov;vm 200;
498,right,12224,0,385,319,94,enabled,r,go 11357;
499,PlaMarker,12224,154,115,13,12,enabled,,
500,left,12224,0,0,320,90,enabled,l,go 11521;
501,-,12224,0,113,271,270,enabled,o,go 10238;pm AR Lite Wind Mov;vm 90;
502,qpla,12224,109,113,112,81,enabled,o,go 10238;pm AR Lite Wind Mov;vm 90;
503,qpat1,12224,95,290,50,45,enabled,o,go 10238;pm AR Lite Wind Mov;vm 90;
504,boatMarker,11357,91,214,35,41,enabled,,
505,left,11357,0,0,320,67,enabled,l,go 12224;
506,right,11357,0,420,320,70,enabled,r,go 11943;
507,-,11357,85,409,60,60,enabled,o,go 39621;
508,-,11357,94,329,35,36,enabled,o,go 39131;
509,-,11357,99,97,35,37,enabled,o,go 39194;
510,-,11357,85,0,60,60,enabled,o,go 39902;
511,-,11357,0,130,237,204,enabled,o,go 14569;pm AR Lite Wind Mov;vm 150;
512,qfor,11357,107,202,55,39,enabled,o,go 14569;pm AR Lite Wind Mov;vm 150;
513,right,14817,0,412,319,67,enabled,r,go 80753;
514,-,14817,123,310,126,118,enabled,o,go 12224;
515,PlaMarker,14817,178,387,10,10,enabled,,
516,left,14817,0,0,319,67,enabled,l,go 80989;
517,-,14817,0,146,268,211,enabled,o,go 11521;pm AR Lite Wind Mov;vm 200;
518,-,14817,111,66,80,92,enabled,o,go 11943;pm AR Lite Wind Mov;vm 200;
519,-,14817,150,19,60,60,enabled,o,go 39621;
520,-,14817,158,388,61,60,enabled,o,go 39902;
521,qshi,14817,146,66,28,72,enabled,o,go 11943;pm AR Lite Wind Mov;vm 200;
522,GarMarker,14569,148,157,31,32,enabled,,
523,boatMarker,14569,58,187,111,141,enabled,,
524,none,14569,24,152,90,224,enabled,o,go 15013;
525,-,14569,104,83,147,314,enabled,o,go 15359;pm AR Lite Wind Mov;vm 100;
526,right,14569,0,390,319,90,enabled,r,go 80989;
527,left,14569,0,0,319,94,enabled,l,go 80753;
528,-,14569,137,431,60,49,enabled,o,go 33253;
529,-,14569,130,0,60,60,enabled,o,go 33326;
530,qfor,14569,131,197,79,52,enabled,o,go 15359;pm AR Lite Wind Mov;vm 100;
531,boatMarker,15013,28,94,241,233,enabled,,
532,none,15013,0,0,319,473,enabled,o,go 14569;
533,-,15013,7,100,210,289,enabled,,
534,boatMarker,15587,57,165,106,139,enabled,,
535,none,15587,25,122,101,234,enabled,o,go 15854;
536,-,15587,126,79,171,306,enabled,o,go 14817;pm AR Lite Wind Mov;vm 180;
537,right,15587,0,406,319,73,enabled,r,go 81200;
538,left,15587,0,0,320,72,enabled,l,go 78996;
539,-,15587,166,0,53,30,enabled,o,go 39131;
540,-,15587,167,429,62,50,enabled,o,go 39194;
541,qlib,15587,182,197,92,79,enabled,o,go 14817;pm AR Lite Wind Mov;vm 180;
542,none,15854,0,7,319,465,enabled,o,go 15587;
543,boatMarker,15854,62,135,192,195,enabled,,
544,-,15854,1,100,214,292,enabled,,
545,right,15359,0,390,319,89,enabled,r,go 78996;
546,left,15359,0,0,319,107,enabled,l,go 81200;
547,-,15359,0,124,277,276,enabled,o,go 15974;pm AR Lite Wind Mov;vm 50;
548,-,15359,104,421,59,59,enabled,o,go 40072;
549,-,15359,131,28,42,59,enabled,o,go 40436;
550,GarMarker,15359,70,28,58,70,enabled,,?? MY_GarMarker|sv MY_GarMarker=NO|sv MY_GarMarker=YES;go 15359;ps SW Marker;
551,qfor,15359,111,195,99,54,enabled,o,go 15974;pm AR Lite Wind Mov;vm 50;
552,qmin,15359,106,344,85,32,enabled,o,go 15974;pm AR Lite Wind Mov;vm 50;
553,BoatMarker,16155,167,205,29,46,enabled,,
554,-,16155,0,94,272,272,enabled,o,go 15587;pm AR Lite Wind Mov;vm 150;
555,right,16155,0,389,319,90,enabled,r,go 26459;
556,left,16155,0,0,319,90,enabled,l,go 82458;
557,-,16155,157,430,58,48,enabled,o,go 33326;
558,-,16155,169,94,36,35,enabled,o,go 39131;
559,-,16155,185,365,93,37,enabled,o,go 39194;
560,-,16155,24,320,163,68,enabled,,
561,GarMarker,16155,164,335,41,36,enabled,,
562,-,16155,156,0,48,27,enabled,o,go 33253;
563,qlib,16155,163,201,73,75,enabled,o,go 15587;pm AR Lite Wind Mov;vm 150;
564,right,15974,0,399,319,80,enabled,r,go 82458;
565,-,15974,91,328,152,86,enabled,o,go 17571;pm AR Howling&Birds Mov;vm 50;
566,left,15974,0,0,319,85,enabled,l,go 26459;
567,-,15974,0,115,252,214,enabled,o,go 16440;pm AR Howling&Birds Mov;vm 50;
568,qfor,15974,104,185,102,60,enabled,o,go 16440;pm AR Howling&Birds Mov;vm 50;
569,GarMarker,16774,189,292,22,18,enabled,,
570,boatMarker,16774,184,215,15,31,enabled,,
571,-,16774,12,108,264,250,enabled,o,go 16155;pm AR Lite Wind Mov;vm 100;
572,right,16774,0,387,319,92,enabled,r,go 82706;
573,left,16774,0,0,319,92,enabled,l,go 83270;
574,-,16774,181,79,24,21,enabled,o,go 33253;
575,-,16774,184,363,25,22,enabled,o,go 33326;
576,qlib,16774,180,197,51,87,enabled,o,go 16155;pm AR Lite Wind Mov;vm 100;
577,moovmarker,16440,60,169,110,16,enabled,,
578,right,16440,0,379,319,100,enabled,r,go 83270;
579,left,16440,0,0,319,109,enabled,l,go 82706;
580,-,16440,0,138,276,172,enabled,o,go 18993;pm AR Howling&Birds Mov;vm 100;
581,-,16440,75,374,83,42,enabled,,
582,qclo,16440,134,184,88,49,enabled,o,go 18993;pm AR Howling&Birds Mov;vm 100;
583,-,40072,0,0,320,480,enabled,a,go 82458;
584,-,40072,0,193,320,102,enabled,,
585,7,40072,136,216,56,53,enabled,,?? MY_Pillar7|sv MY_Pillar7=NO|sv MY_Pillar7=YES;go 40072;ps SW PushButton Out;ps TN Crtyd Pilars;
586,-,33253,0,0,320,480,enabled,a,go 78996;
587,-,33253,0,193,318,97,enabled,,
588,6,33253,118,212,56,54,enabled,,?? MY_Pillar6|sv MY_Pillar6=NO|sv MY_Pillar6=YES;go 33253;ps SW PushButton Out;ps TN Crtyd Pilars;
589,-,39131,0,0,319,480,enabled,a,go 80989;
590,-,39131,0,183,320,106,enabled,,
591,5,39131,122,207,57,59,enabled,,?? MY_Pillar5|sv MY_Pillar5=NO|sv MY_Pillar5=YES;go 39131;ps SW PushButton Out;ps TN Crtyd Pilars;
592,right,39621,0,296,319,183,enabled,r,go 11521;
593,-,39621,0,185,320,112,enabled,,
594,4,39621,118,205,60,59,enabled,,?? MY_Pillar4|sv MY_Pillar4=NO|sv MY_Pillar4=YES;go 39621;ps SW PushButton Out;ps TN Crtyd Pilars;
595,left,39621,0,0,319,186,enabled,l,go 14569;
596,-,40436,0,0,319,480,enabled,a,go 26459;
597,-,40436,0,176,314,109,enabled,,
598,3,40436,126,199,57,59,enabled,,?? MY_Pillar3|sv MY_Pillar3=NO|sv MY_Pillar3=YES;go 40436;ps SW PushButton Out;ps TN Crtyd Pilars;
599,-,33326,0,0,319,480,enabled,a,go 81200;
600,-,33326,0,186,317,102,enabled,,
601,2,33326,134,207,58,58,enabled,,?? MY_Pillar2|sv MY_Pillar2=NO|sv MY_Pillar2=YES;go 33326;ps SW PushButton Out;ps TN Crtyd Pilars;
602,-,39194,0,0,320,480,enabled,a,go 80753;
603,-,39194,0,187,320,99,enabled,,
604,1,39194,130,206,61,54,enabled,,?? MY_Pillar1|sv MY_Pillar1=NO|sv MY_Pillar1=YES;ps SW PushButton Out;go 39194;ps TN Crtyd Pilars;
605,left,39902,0,0,319,180,enabled,l,go 11521;
606,-,39902,0,180,314,101,enabled,,
607,8,39902,144,203,56,57,enabled,,?? MY_Pillar8|sv MY_Pillar8=NO|sv MY_Pillar8=YES;go 39902;ps SW PushButton Out;ps TN Crtyd Pilars;
608,boatMarker,39902,66,0,183,191,enabled,l,go 11521;
609,right,39902,0,280,319,199,enabled,r,go 14569;
610,none,82170,0,0,111,480,enabled,o,go 78797;
611,boatMarker,10575,56,249,266,143,enabled,,
612,-,10575,0,52,224,427,enabled,o,go 11197;pm BR Seagulls:Water Slosh Mx Mov;vm 40;
613,left,10575,0,0,319,70,enabled,l,go 10973;
614,right,10575,0,431,319,48,enabled,r,go 78797;
615,qdoc,10575,53,360,66,59,enabled,o,go 11197;pm BR Seagulls:Water Slosh Mx Mov;vm 40;
616,-,59796,0,181,267,115,enabled,o,go 64050;pm FlyGearGate:Music.Moov;vm 150;
617,-,59796,0,311,320,165,enabled,o,go 10575;pm FlyGearGate:Music.Moov;vm 60;
618,marker,59796,296,340,23,21,enabled,,
619,-,64050,0,0,320,480,enabled,o,go 59796;pm FlyGearGate:Music.Moov;vm 100;
620,-,64050,0,147,306,183,enabled,,
621,-,64050,63,206,90,62,enabled,o,go 43221;pm FlyGearGate:Music.Moov;vm 190;
622,-,43221,0,0,319,480,enabled,o,go 64050;pm FlyGearGate:Music.Moov;vm 150;
623,-,43221,8,140,295,187,enabled,o,go 72560;
624,-,72560,0,0,320,480,enabled,o,go 64050;pm FlyGearGate:Music.Moov;vm 150;
625,-,72560,11,61,291,337,enabled,,
626,marker,72560,148,269,81,111,enabled,,ca X_Linking linkToAge:iMechanicalDB;
627,right,78797,0,356,319,123,enabled,r,go 10973;
628,left,78797,0,0,319,123,enabled,l,go 10575;
629,none,78797,238,0,81,480,enabled,o,go 82170;
630,gearMarker,10973,0,136,319,344,enabled,,
631,right,10973,0,394,320,94,enabled,r,go 10575;
632,left,10973,0,0,319,53,enabled,l,go 78797;
633,geaMarker,10973,65,34,71,87,enabled,,?? MY_GeaMarker|sv MY_GeaMarker=NO|sv MY_GeaMarker=YES;go 10973;ps SW Marker;
634,GearButton,10973,9,195,257,187,enabled,o,"?? MY_GearGate|go 59796,pm FlyGearGate:Music.Moov,vm 100;"
635,right,35918,0,377,319,102,enabled,r,go 36329;
636,left,35918,0,0,320,123,enabled,l,go 36329;
637,b11,35918,72,310,13,14,enabled,,ca MY_Spaceship clickButton:1=1=10;
638,b12,35918,57,313,13,14,enabled,,ca MY_Spaceship clickButton:1=2=7;
639,b13,35918,43,316,13,15,enabled,,ca MY_Spaceship clickButton:1=3=8;
640,b14,35918,27,319,13,15,enabled,,ca MY_Spaceship clickButton:1=4=16;
641,b15,35918,8,323,13,15,enabled,,ca MY_Spaceship clickButton:1=5=5;
642,b24,35918,26,349,13,15,enabled,,ca MY_Spaceship clickButton:2=4=19;
643,b25,35918,8,354,13,15,enabled,,ca MY_Spaceship clickButton:2=5=9;
644,v2,35918,27,143,17,13,enabled,,
645,v1,35918,27,156,17,13,enabled,,
646,s2,35918,27,239,17,12,enabled,,
647,s1,35918,27,251,17,12,enabled,,
648,m1,35918,45,140,20,43,enabled,,
649,m2,35918,45,229,20,43,enabled,,
650,b21,35918,72,336,13,15,enabled,,ca MY_Spaceship clickButton:2=1=1;
651,b22,35918,57,340,13,15,enabled,,ca MY_Spaceship clickButton:2=2=2;
652,b23,35918,43,345,13,15,enabled,,ca MY_Spaceship clickButton:2=3=22;
653,-,36329,0,157,283,169,enabled,o,go 34888;pm MU Generator Stairs Mov;vm 75;in 0.5\ps DR GenRoom Down;
654,right,36329,0,401,320,90,enabled,r,go 35918;
655,left,36329,0,0,320,71,enabled,l,go 35918;
656,-,36329,170,332,75,117,enabled,o,go 43331;
657,-,40799,0,166,238,142,enabled,o,go 18697;pm AR Howling&Birds Mov;vm 100;
658,left,40799,0,0,320,93,enabled,l,go 44417;
659,right,40799,0,382,320,103,enabled,r,go 44417;
660,-,44417,0,217,287,127,enabled,o,go 28930;pm MU Generator Stairs Mov;vm 125;
661,right,44417,0,347,320,135,enabled,r,go 40799;
662,left,44417,0,0,320,67,enabled,l,go 40799;
663,qgen,44417,28,289,147,51,enabled,o,go 28930;pm MU Generator Stairs Mov;vm 125;
664,-,44564,0,142,298,173,enabled,o,go 33668;
665,right,44564,0,378,320,105,enabled,r,go 40600;
666,left,44564,0,0,320,111,enabled,l,go 40600;
667,qgen,44564,114,240,95,66,enabled,o,go 33668;
668,-,40600,0,161,285,165,enabled,o,go 56481;pm MU Generator Stairs Mov;vm 125;
669,right,40600,0,372,320,113,enabled,r,go 44564;
670,left,40600,0,0,320,114,enabled,l,go 44564;
671,qgen2,40600,105,195,147,80,enabled,o,go 56481;pm MU Generator Stairs Mov;vm 125;
672,-,28930,0,138,223,184,enabled,o,go 44564;pm MU Generator Stairs Mov;vm 200;
673,right,28930,0,382,320,101,enabled,r,go 56481;
674,left,28930,0,0,320,91,enabled,l,go 56481;
675,qgen,28930,124,198,97,74,enabled,o,go 44564;pm MU Generator Stairs Mov;vm 200;
676,-,56481,1,180,312,181,enabled,o,go 40799;pm MU Generator Stairs Mov;vm 75;
677,left,56481,0,0,320,181,enabled,l,go 28930;
678,-,33668,0,127,293,191,enabled,o,go 33976;
679,right,33668,0,398,320,88,enabled,r,go 35605;
680,left,33668,0,0,320,70,enabled,l,go 35605;
681,qgen,33668,88,225,87,70,enabled,o,go 33976;
682,-,35605,0,142,278,203,enabled,o,go 40600;
683,left,35605,0,0,320,79,enabled,l,go 33668;
684,right,35605,0,401,320,83,enabled,r,go 33668;
685,qgen2,35605,128,192,129,102,enabled,o,go 40600;
686,-,33976,0,139,218,204,enabled,o,go 34228;
687,right,33976,0,397,320,89,enabled,r,go 44138;
688,left,33976,0,0,320,67,enabled,l,go 44138;
689,qgen,33976,104,222,68,59,enabled,o,go 34228;
690,-,44138,4,136,312,256,enabled,o,go 35605;
691,left,44138,0,0,320,127,enabled,l,go 33976;
692,right,44138,0,390,320,131,enabled,r,go 33976;
693,qgen2,44138,146,213,120,86,enabled,o,go 35605;
694,-,35524,0,65,272,234,enabled,o,go 44138;
695,right,35524,0,379,320,106,enabled,r,go 34228;
696,left,35524,0,0,320,65,enabled,l,go 34228;
697,qgen2,35524,118,96,98,96,enabled,o,go 44138;
698,-,34228,0,123,234,241,enabled,o,go 34394;pm MU Generator Stairs Mov;vm 125;
699,right,34228,0,394,320,87,enabled,r,go 35524;
700,left,34228,0,0,320,83,enabled,l,go 35524;
701,qgen,34228,34,149,105,86,enabled,o,go 34394;pm MU Generator Stairs Mov;vm 125;
702,-,34394,0,172,275,251,enabled,o,go 34663;pm MU Generator Stairs Mov;vm 75;
703,left,34394,0,0,320,90,enabled,l,go 35305;
704,-,35305,0,112,268,227,enabled,o,go 35524;pm MU Generator Stairs Mov;vm 200;
705,right,35305,0,405,320,80,enabled,r,go 34394;
706,qgen2,35305,135,241,89,81,enabled,o,go 35524;pm MU Generator Stairs Mov;vm 200;
707,right,34663,0,400,320,86,enabled,r,go 34888;
708,left,34663,0,0,320,82,enabled,l,go 34888;
709,button,34663,94,323,52,46,enabled,o,sc button=GenStairs5-E (button);ps SW PushButton In;in 0.5\ps DR GenRoom Up\go 43558;
710,door,34663,0,165,265,146,enabled,,
711,marker,43558,157,170,84,135,enabled,,
712,button,43558,94,323,52,46,enabled,o,sc button=GenStairs5-E (button);ps SW PushButton In;pm MU Generator Stairs Mov;vm 75;in 0.5\ps DR GenRoom Down\go 34663;
713,door,43558,0,164,271,147,enabled,o,go 35918;
714,right,43558,0,404,320,81,enabled,r,go 34888;pm MU Generator Stairs Mov;vm 75;in 0.5\ps DR GenRoom Down;
715,left,43558,0,0,320,80,enabled,l,go 34888;pm MU Generator Stairs Mov;vm 75;in 0.5\ps DR GenRoom Down;
716,-,34888,0,127,314,219,enabled,o,go 35305;pm MU Generator Stairs Mov;vm 75;
717,right,34888,0,411,320,75,enabled,r,go 34663;
718,left,34888,0,0,320,75,enabled,l,go 34663;
719,qgen2,34888,153,247,84,79,enabled,o,go 35305;pm MU Generator Stairs Mov;vm 75;
720,-,43331,0,0,320,480,enabled,o,go 36329;
721,-,46094,0,140,319,217,enabled,o,go 46439;
722,right,46094,0,378,314,101,enabled,r,go 49958;
723,-,46094,141,350,47,61,enabled,o,go 47833;
724,left,46094,0,0,319,96,enabled,l,go 49958;
725,-,46094,141,69,46,59,enabled,o,go 46739;
726,up,46439,270,5,49,474,enabled,u,go 44018;
727,left,46439,0,0,319,150,enabled,l,go 48298;
728,right,46439,0,336,319,143,enabled,r,go 47448;
729,-,46439,19,163,208,164,enabled,o,go 48883;
730,-,46439,133,405,67,75,enabled,o,go 49308;
731,-,46439,130,0,68,72,enabled,o,go 48589;
732,up,48298,270,5,49,474,enabled,u,go 44018;
733,marker,48298,118,258,36,25,enabled,,
734,-,48298,0,165,216,157,enabled,o,go 50447;
735,right,48298,0,332,319,147,enabled,r,go 46439;
736,left,48298,0,0,319,143,enabled,l,go 46851;
737,-,48298,111,0,87,90,enabled,o,go 59640;
738,-,48298,132,409,67,70,enabled,o,go 48589;
739,up,46739,270,5,49,474,enabled,u,go 44018;
740,marker,46739,112,46,41,33,enabled,,
741,left,46739,0,0,319,106,enabled,l,go 28679;
742,right,46739,0,334,319,145,enabled,r,go 47833;
743,-,46739,7,168,206,151,enabled,o,go 48589;
744,-,46739,96,1,82,102,enabled,o,go 50447;
745,-,46739,55,388,119,91,enabled,o,go 48883;
746,marker,75919,112,46,41,32,enabled,,
747,stairs,75919,47,390,132,90,enabled,,
748,up,28679,270,5,49,474,enabled,u,go 44018;
749,left,28679,0,0,319,141,enabled,l,go 47338;
750,right,28679,0,375,319,104,enabled,r,go 46739;
751,-,28679,7,160,229,165,enabled,o,go 59640;
752,-,28679,58,0,198,103,enabled,o,go 49958;
753,-,28679,99,385,78,95,enabled,o,go 50447;
754,up,47448,270,5,49,474,enabled,u,go 44018;
755,marker,47448,118,251,36,26,enabled,,
756,left,47448,0,0,319,155,enabled,l,go 46439;
757,right,47448,0,337,319,142,enabled,r,go 46851;
758,-,47448,42,171,191,135,enabled,o,go 49518;
759,-,47448,131,0,71,67,enabled,o,go 49308;
760,-,47448,53,397,108,82,enabled,o,go 49781;
761,up,47833,270,5,49,474,enabled,u,go 44018;
762,left,47833,0,0,320,135,enabled,l,go 46739;
763,right,47833,0,321,319,158,enabled,r,go 47338;
764,-,47833,16,180,219,118,enabled,o,go 49308;
765,-,47833,52,0,123,91,enabled,o,go 48883;
766,-,47833,101,384,73,96,enabled,o,go 49518;
767,stairs,76679,46,0,132,92,enabled,,
768,marker,76679,172,0,69,88,enabled,,
769,up,47338,270,5,49,474,enabled,u,go 44018;
770,marker,47338,110,35,42,35,enabled,,
771,left,47338,0,0,319,133,enabled,l,go 47833;
772,right,47338,0,324,319,155,enabled,r,go 28679;
773,-,47338,18,157,226,164,enabled,o,go 49781;
774,-,47338,64,383,191,96,enabled,o,go 49958;
775,-,47338,100,0,77,90,enabled,o,go 49518;
776,up,46851,270,5,49,474,enabled,u,go 44018;
777,left,46851,0,0,319,151,enabled,l,go 47448;
778,right,46851,0,321,319,158,enabled,r,go 48298;
779,-,46851,12,155,261,159,enabled,o,go 49958;
780,-,46851,111,392,87,87,enabled,o,go 59640;
781,-,46851,50,0,107,64,enabled,o,go 49781;
782,-,48883,0,0,320,480,enabled,a,go 46439;
783,-,48883,34,138,245,200,enabled,o,"?? MY_LibStairs|go 50829,pm MR Elev Room Loud Mov,vm 40|go 48938;"
784,LibPath,48883,26,135,266,217,disabled,o,go 50829;pm MR Elev Room Loud Mov;vm 40;
785,qele,48883,139,196,102,84,disabled,o,go 50829;pm MR Elev Room Loud Mov;vm 40;
786,-,50447,0,0,319,480,enabled,a,ca MY_Library movieDone:;go 48298;
787,book,50447,90,213,105,76,enabled,o,go 72326;
788,marker,50447,91,286,88,67,enabled,,"?? MY_0RedPage|no |ca X_Global grabPage:MY_0RedPage,go 50447;"
789,-,72326,0,0,320,480,enabled,o,go 50447;
790,-,72326,9,162,302,189,enabled,o,go 73249;pm stop;
791,-,73249,0,0,320,480,enabled,o,go 50447;
792,-,73249,10,66,297,346,enabled,,
793,marker,73249,142,277,93,113,enabled,,
794,-,48589,0,0,319,480,enabled,a,go 46739;
795,picture,48589,159,191,73,103,enabled,o,"?? MY_LibStairs|ps SW Buzzer|sv MY_LibStairs=YES,ps TN Crtyd Pilars,pa LibraryTwist\225=0=75=118\24\0.1\NO,in 2.5\go 75919;"
796,-,59640,0,0,320,480,enabled,a,go 28679;
797,-,59640,114,154,125,173,enabled,o,go 50330;pm stop;
798,-,49518,0,0,319,480,enabled,a,ca MY_Library movieDone:;go 47448;
799,book,49518,94,190,120,77,enabled,o,go 70993;
800,marker,49518,90,269,89,65,enabled,,"?? MY_0BluePage|no |ca X_Global grabPage:MY_0BluePage,go 49518;"
801,-,70993,0,0,320,480,enabled,o,go 49518;
802,-,70993,9,145,299,193,enabled,o,go 72136;pm stop;
803,-,72136,0,0,320,480,enabled,o,go 49518;
804,-,72136,8,66,300,346,enabled,,
805,marker,72136,147,276,91,113,enabled,,
806,-,49308,0,5,319,465,enabled,a,go 47833;
807,picture,49308,158,184,72,104,enabled,o,"?? MY_LibStairs|ps TN Crtyd Pilars,pa LibraryTwirl\225=0=75=118\24\0.1\NO,sv MY_LibStairs=NO,in 2.5\go 76679|ps SW Buzzer;"
808,-,49781,0,0,320,480,enabled,a,go 47338;
809,-,49781,0,126,320,225,enabled,,
810,none,49781,40,174,127,113,enabled,o,go 87741;pm MR Elev Room Loud Mov;vm 20;
811,left,49958,0,0,319,129,enabled,l,go 47338;
812,-,49958,0,122,316,234,enabled,,
813,-,49958,58,150,222,166,enabled,o,"?? MY_LibStairs|none|go 11357,pm AR Lite Wind Mov,vm 180;"
814,doorBlock,49958,29,124,271,217,disabled,,
815,right,49958,0,350,319,129,enabled,r,go 28679;
816,`,48938,0,0,319,480,enabled,o,go 48883;
817,-,48938,0,62,310,354,enabled,,
818,-,48938,11,75,85,106,enabled,o,go 76069;
819,-,48938,211,360,88,21,enabled,o,go 73496;
820,-,48938,213,178,76,28,enabled,o,go 74269;
821,-,48938,9,112,87,25,enabled,o,go 74947;
822,-,48938,114,156,80,38,enabled,o,go 75389;
823,-,48938,116,378,79,27,enabled,o,go 79654;
824,-,48938,112,232,68,32,enabled,o,go 83883;
825,-,48938,10,260,70,37,enabled,o,go 83883;
826,-,48938,213,336,80,24,enabled,o,go 83883;
827,-,48938,12,179,32,80,enabled,o,go 76069;
828,-,48938,117,349,81,31,enabled,o,go 76069;
829,-,48938,135,292,50,56,enabled,o,go 83883;
830,-,48938,212,205,16,85,enabled,o,go 83883;
831,-,48938,172,87,16,63,enabled,o,go 83883;
832,-,48938,117,77,42,86,enabled,o,go 84489;
833,-,48938,213,75,80,70,enabled,o,go 84489;
834,-,48938,14,297,81,25,enabled,o,go 84489;
835,-,48938,15,393,81,15,enabled,o,go 84489;
836,-,48938,251,205,24,67,enabled,o,go 84489;
837,-,48938,215,283,75,48,enabled,o,go 76069;
838,-,48938,112,195,83,38,enabled,o,go 85075;
839,-,48938,112,266,88,22,enabled,o,go 85075;
840,-,48938,213,382,75,21,enabled,o,go 85075;
841,-,48938,213,148,76,30,enabled,o,go 85075;
842,-,48938,13,323,81,71,enabled,o,go 85075;
843,-,48938,110,292,16,67,enabled,o,go 85075;
844,-,48938,227,206,24,76,enabled,o,go 85075;
845,-,48938,49,187,40,72,enabled,o,go 85075;
846,-,48938,274,204,18,75,enabled,o,go 83883;
847,-,48938,161,75,12,82,enabled,o,go 84489;
848,fullRegion,50330,0,0,319,480,enabled,a,ca MY_Library endMap:;go 59640;pm AR Lite Wind Mov;vm 30;
849,-,50330,35,70,268,353,enabled,,
850,ClipRegion,50330,58,93,221,310,enabled,,
851,Clo1,50330,141,102,43,84,enabled,,
852,Pla1,50330,135,265,44,50,enabled,,
853,Doc1,50330,94,249,41,59,enabled,,
854,Gea1,50330,92,315,53,59,enabled,,
855,Gar1,50330,170,218,46,46,enabled,,
856,Shi1,50330,221,271,58,82,enabled,,
857,Lib1,50330,180,266,43,61,enabled,,
858,Cab1,50330,114,187,55,44,enabled,,
859,Pla2,50330,135,249,25,15,enabled,,
860,Tow1,50330,190,330,18,15,enabled,,
861,Min1,50330,193,195,36,23,enabled,,
862,Gar2,50330,170,187,23,31,enabled,,
863,theText,50330,66,171,11,153,enabled,,
864,marker,53170,117,190,127,100,enabled,,
865,none,53170,0,130,319,217,enabled,o,ps DR Elev Open;go 52926;pm MR Elev Room Loud Mov;vm 50;
866,-,53170,36,358,79,48,enabled,o,go 61001;
867,-,53170,117,188,130,103,enabled,,
868,marker2,53170,33,356,83,53,enabled,o,go 63481;
869,marker,63481,116,190,128,103,enabled,,
870,marker,65111,117,189,128,103,enabled,,
871,door,52926,0,134,319,213,enabled,,
872,none,52926,32,356,81,53,enabled,,ps SW PushButton In;ps SW Buzzer;
873,none,52926,0,108,312,83,enabled,o,ps DR Elev Close;go 53170;pm MR Elev Room Loud Mov;vm 25;
874,-,52926,0,187,306,158,enabled,o,go 53495;pm MR Elev Room Loud Mov;vm 100;in 0.5\ps DR Elev Close;
875,qcen,52926,74,211,135,66,enabled,o,go 53495;pm MR Elev Room Loud Mov;vm 100;in 0.5\ps DR Elev Close;
876,qele,50829,7,166,246,142,enabled,o,go 51152;pm MR Elev Room Loud Mov;vm 50;
877,right,50829,0,361,319,118,enabled,r,go 54814;
878,left,50829,0,0,320,110,enabled,l,go 54814;
879,-,53543,0,174,269,141,enabled,o,go 53974;pm MR Elev Room Loud Mov;vm 80;
880,right,53543,0,385,320,98,enabled,r,go 52000;
881,left,53543,0,0,320,119,enabled,l,go 52000;
882,-,54814,0,136,291,231,enabled,o,go 46851;pm MR Elev Room Loud Mov;vm 30;
883,right,54814,0,359,320,127,enabled,r,go 50829;
884,left,54814,0,0,320,134,enabled,l,go 50829;
885,-,51152,0,201,319,241,enabled,o,go 51409;pm MR Elev Room Loud Mov;vm 60;
886,right,51152,0,428,320,65,enabled,r,go 54569;
887,left,51152,0,0,318,96,enabled,l,go 54569;
888,-,53974,0,205,319,226,enabled,o,go 54046;pm MR Elev Room Loud Mov;vm 70;
889,left,53974,0,0,319,101,enabled,l,go 51830;
890,right,53974,0,432,320,84,enabled,r,go 51830;
891,-,54569,0,174,264,134,enabled,o,go 54814;pm MR Elev Room Loud Mov;vm 40;
892,right,54569,0,384,319,95,enabled,r,go 51152;
893,left,54569,0,0,319,92,enabled,l,go 51152;
894,-,51409,0,155,271,175,enabled,o,go 51672;pm MR Elev Room Loud Mov;vm 70;
895,right,51409,0,398,319,81,enabled,r,go 54324;
896,left,51409,0,0,319,106,enabled,l,go 54324;
897,-,54046,0,167,277,145,enabled,o,go 54324;pm MR Elev Room Loud Mov;vm 60;
898,right,54046,0,375,320,109,enabled,r,go 51672;
899,left,54046,0,0,320,122,enabled,l,go 51672;
900,-,54324,0,23,319,246,enabled,o,go 54569;pm MR Elev Room Loud Mov;vm 50;
901,right,54324,0,435,319,44,enabled,r,go 51409;
902,left,54324,0,0,319,24,enabled,l,go 51409;
903,-,51672,0,48,319,234,enabled,o,go 51830;pm MR Elev Room Loud Mov;vm 80;
904,right,51672,0,355,319,124,enabled,r,go 54046;
905,left,51672,0,0,319,50,enabled,l,go 54046;
906,-,51830,0,156,283,168,enabled,o,go 52000;pm MR Elev Room Loud Mov;vm 90;
907,right,51830,0,362,319,117,enabled,r,go 53974;
908,left,51830,0,0,319,107,enabled,l,go 53974;
909,-,52000,3,155,311,180,enabled,o,go 52235;pm MR Elev Room Loud Mov;vm 100;
910,right,52000,0,353,320,135,enabled,r,go 53543;
911,left,52000,0,0,320,111,enabled,l,go 53543;
912,none,52235,9,179,282,100,enabled,o,ps DR Elev Open;go 52656;
913,right,52235,0,345,320,138,enabled,r,go 53495;
914,left,52235,0,0,320,125,enabled,l,go 53495;
915,door,52656,9,181,279,96,enabled,,
916,none,52656,3,256,287,29,enabled,o,ps DR Metal Close;go 52235;
917,none,52656,10,182,278,75,enabled,o,go 85634;pm MR Elev Room Loud Mov;vm 50;
918,left,52656,0,0,320,125,enabled,l,go 53495;
919,right,52656,0,326,320,162,enabled,r,go 53495;
920,qcen,53495,0,182,310,147,enabled,o,go 53543;pm MR Elev Room Loud Mov;vm 90;
921,right,53495,0,382,319,97,enabled,r,go 52235;
922,left,53495,0,0,320,102,enabled,l,go 52235;
923,down,44018,0,0,102,480,enabled,d,go pop;
924,left,27316,0,0,319,79,enabled,l,go 79339;
925,-,27316,2,199,255,147,enabled,o,go 30742;pm AR Lite Wind Mov;vm 230;
926,right,27316,0,400,319,79,enabled,r,go 79339;
927,qbre1,27316,269,325,49,46,enabled,,
928,-,79339,0,118,278,186,enabled,o,go 18697;pm AR Lite Wind Mov;vm 180;
929,right,79339,0,309,319,170,enabled,r,go 27316;
930,left,79339,0,0,319,96,enabled,l,go 27316;
931,right,30742,0,382,320,103,enabled,r,go 27647;
932,-,30742,0,221,320,139,enabled,o,go 31038;
933,left,30742,0,0,319,111,enabled,l,go 82210;
934,right,82210,0,315,319,165,enabled,r,go 30742;
935,left,82210,0,0,319,104,enabled,l,go 27647;
936,-,27647,0,142,311,156,enabled,o,go 79339;pm AR Lite Wind Mov;vm 200;
937,left,27647,0,0,320,108,enabled,l,go 30742;
938,-,31383,0,0,104,480,enabled,a,go 31038;
939,marker,31383,152,202,87,39,enabled,,
940,-,31383,153,189,100,66,enabled,,cb MY_Spaceship pullBreakerBegan:1\pullBreakerMoved:1\pullBreakerEnded:1;
941,-,31038,50,171,238,103,enabled,o,go 31383;
942,-,31038,0,275,190,210,enabled,a,go 30742;
943,right,24061,0,410,320,77,enabled,r,go 24064;
944,-,24061,0,172,319,169,enabled,o,go 29282;pm AR Lite Wind Mov;vm 150;
945,left,24061,0,0,320,71,enabled,l,go 24064;
946,BoatMarker,24064,164,258,67,25,enabled,,
947,-,24064,0,156,257,311,enabled,o,go 27005;pm AR Lite Wind Mov;vm 200;
948,-,24064,41,0,157,165,enabled,o,go 12527;
949,left,24064,0,0,43,161,enabled,l,go 24061;
950,right,24064,0,439,319,40,enabled,r,go 24061;
951,left,24064,0,0,41,60,enabled,l,go 24061;
952,-,29665,0,97,311,256,enabled,o,go 24064;pm AR Lite Wind Mov;vm 230;
953,left,29665,0,0,154,64,enabled,l,go 29282;
954,right,29665,0,424,320,63,enabled,r,go 29282;
955,qpat,29665,110,166,61,126,enabled,o,go 24064;pm AR Lite Wind Mov;vm 230;
956,right,29282,0,409,320,75,enabled,r,go 29665;
957,-,29282,0,144,320,170,enabled,o,go 29906;pm AR Lite Wind Mov;vm 50;
958,left,29282,0,0,320,66,enabled,l,go 29665;
959,-,30320,0,0,122,478,enabled,a,go 29906;pm AR Lite Wind Mov;vm 50;
960,marker,30320,178,219,65,40,enabled,,
961,-,30320,163,206,95,66,enabled,,cb MY_Spaceship pullBreakerBegan:2\pullBreakerMoved:2\pullBreakerEnded:2;
962,-,29906,0,0,320,480,enabled,a,go 29282;pm AR Lite Wind Mov;vm 180;
963,-,29906,65,200,207,83,enabled,o,go 30320;pm AR Lite Wind Mov;vm 250;
964,New Button,23279,0,0,23,7,enabled,,
965,-,62129,0,168,271,104,enabled,o,go 85634;vm 100;
966,left,62129,0,0,320,75,enabled,l,go 64325;
967,right,62129,0,406,320,75,enabled,r,go 66387;
968,left,66387,0,0,320,143,enabled,l,go 62129;
969,right,66387,0,325,320,156,enabled,r,go 61232;
970,-,66387,0,126,320,203,enabled,o,go 66650;
971,left,64325,0,0,320,166,enabled,l,go 61232;
972,right,64325,0,340,320,169,enabled,r,go 62129;
973,-,64325,0,148,320,188,enabled,o,go 66941;
974,up,61232,165,179,154,117,enabled,u,go 61932;
975,right,61232,0,369,319,116,enabled,r,go 64325;
976,left,61232,0,0,319,120,enabled,l,go 66387;
977,marker,61932,183,225,74,28,enabled,,
978,-,61932,123,165,196,150,enabled,o,go 62394;
979,-,61932,0,2,193,476,enabled,o,go 61232;
980,down,61932,0,129,133,228,enabled,d,go 61232;
981,-,66650,0,195,320,67,enabled,o,go 67498;
982,-,66650,0,148,319,45,enabled,o,go 68068;
983,right,66650,0,292,320,188,enabled,r,go 68717;
984,left,66650,0,0,320,120,enabled,l,go 68717;
985,marker,66650,308,262,10,17,enabled,,
986,-,66941,0,199,320,87,enabled,o,go 67498;
987,-,66941,0,285,320,43,enabled,o,go 67709;
988,left,66941,0,0,320,163,enabled,l,go 68606;
989,right,66941,0,345,320,176,enabled,r,go 68606;
990,marker,66941,306,182,10,24,enabled,,
991,-,68717,0,215,317,69,enabled,o,go 61232;
992,-,68717,0,285,320,49,enabled,o,go 64325;
993,left,68717,0,0,320,170,enabled,l,go 66650;
994,right,68717,0,343,320,173,enabled,r,go 66650;
995,marker,68717,292,194,27,11,enabled,,
996,-,68606,0,197,306,72,enabled,o,go 61232;
997,-,68606,0,150,320,47,enabled,o,go 66387;
998,right,68606,0,324,320,188,enabled,r,go 66941;
999,left,68606,0,0,320,132,enabled,l,go 66941;
1000,marker,68606,292,270,26,10,enabled,,
1001,up,67498,162,180,157,116,enabled,u,go 67304;
1002,right,67498,0,352,319,140,enabled,r,go 67709;
1003,left,67498,0,0,319,136,enabled,l,go 68068;
1004,marker,67304,193,173,96,146,enabled,,
1005,down,67304,0,3,186,475,enabled,d,go 67498;
1006,-,67304,106,177,213,142,enabled,o,go 69187;
1007,left,68289,0,0,320,98,enabled,l,go 67709;
1008,right,68289,0,397,320,85,enabled,r,go 68068;
1009,left,67709,0,0,320,155,enabled,l,go 67498;
1010,right,67709,0,328,320,147,enabled,r,go 68289;
1011,-,67709,0,156,320,172,enabled,o,go 68717;
1012,right,68068,0,330,320,160,enabled,r,go 67498;
1013,left,68068,0,0,320,153,enabled,l,go 68289;
1014,-,68068,0,142,320,172,enabled,o,go 68606;
1015,-,66100,0,0,320,480,enabled,o,go 68940;
1016,-,66100,47,112,214,270,enabled,,
1017,-,70175,0,0,320,480,enabled,o,go 68940;
1018,-,70175,47,112,214,270,enabled,,
1019,-,70509,0,0,320,480,enabled,o,go 68940;
1020,-,70509,47,112,214,270,enabled,,
1021,-,70908,0,0,320,480,enabled,o,go 68940;
1022,-,70908,47,112,214,270,enabled,,
1023,marker,61001,115,190,129,103,enabled,,
1024,none,61001,0,129,316,217,enabled,o,ps DR Elev Open;go 64906;vm 100;
1025,marker2,61001,33,354,84,55,enabled,o,go 65111;
1026,door,64906,0,135,313,210,enabled,,
1027,-,64906,0,185,319,160,enabled,o,go 61232;vm 180;
1028,none,64906,0,108,314,83,enabled,o,ps DR Elev Close;go 61001;vm 70;
1029,marker,64906,295,229,14,25,enabled,,
1030,marker2,64906,32,351,87,58,enabled,,ps SW PushButton In;ps SW Buzzer;
1031,left,86247,0,0,319,65,enabled,l,go 62806;
1032,right,86247,0,414,319,65,enabled,r,go 62704;
1033,down,62806,0,122,152,229,enabled,d,go 63062;
1034,right,62806,0,332,307,147,enabled,r,go 86247;
1035,left,62806,0,0,306,143,enabled,l,go 81698;
1036,marker,62806,154,225,25,27,enabled,,
1037,-,63062,161,0,158,472,enabled,o,go 62806;
1038,-,63062,1,149,222,167,enabled,o,go 62129;
1039,right,62704,0,337,320,147,enabled,r,go 81698;
1040,left,62704,0,0,319,139,enabled,l,go 86247;
1041,marker,62704,32,205,287,67,enabled,,
1042,left,81698,0,0,319,58,enabled,l,go 62704;
1043,right,81698,0,394,319,85,enabled,r,go 62806;
1044,left,86555,0,0,319,71,enabled,l,go 68940;
1045,right,86555,0,395,319,84,enabled,r,go 69458;
1046,-,68940,28,82,290,307,enabled,,
1047,-,68940,12,71,302,327,enabled,,
1048,mkr,68940,182,195,73,90,enabled,o,go 70509;
1049,left,68940,0,0,320,114,enabled,l,go 87373;
1050,right,68940,0,374,320,119,enabled,r,go 86555;
1051,left,69458,0,0,319,165,enabled,l,go 86555;
1052,right,69458,0,327,320,165,enabled,r,go 87373;
1053,down,69458,0,148,150,192,enabled,d,go 69720;
1054,marker,69458,135,240,109,8,enabled,,
1055,left,69458,0,0,319,81,enabled,l,go 86555;
1056,up,69720,0,0,320,480,enabled,u,go 69458;
1057,-,69720,0,137,268,207,enabled,o,go 68289;
1058,left,87373,0,0,319,75,enabled,l,go 69458;
1059,right,87373,0,404,319,75,enabled,r,go 68940;
1060,marker,62394,65,217,254,42,enabled,,
1061,-,62394,46,135,273,203,enabled,o,go 62704;
1062,-,62394,0,0,117,480,enabled,o,go 61932;
1063,-,69187,0,0,319,472,enabled,o,go 67304;
1064,marker,69187,172,208,49,61,enabled,,
1065,-,69187,64,127,255,245,enabled,o,go 68940;
1066,down,78339,0,0,149,480,enabled,d,go 38896;
1067,right,38607,0,351,319,128,enabled,r,go 38896;
1068,none,38607,131,360,60,60,enabled,o,sc Planetarium1-N (off-button);sv MY_PlaLight=YES;ps SW Pushbutton In!Out;go 30633;
1069,left,38607,0,0,319,120,enabled,l,go 38896;
1070,-,38607,0,112,287,179,enabled,o,go 9457;pm AR Lite Wind Mov;vm 70;in 0.5\ps DR Creak2;in 1.6\ps DR Door Close;
1071,up,38607,285,0,34,480,enabled,u,go 78339;
1072,right,30633,0,363,320,144,enabled,r,go 30143;
1073,left,30633,0,0,320,114,enabled,l,go 30143;
1074,none,30633,126,356,60,60,enabled,o,sc Planetarium1-N (on-button);sv MY_PlaLight=NO;ps SW Pushbutton In!Out;go 38607;
1075,-,30633,0,162,281,130,enabled,o,go 9457;pm AR Lite Wind Mov;vm 70;in 0.5\ps DR Creak2;in 1.6\ps DR Door Close;
1076,right,38896,0,395,245,84,enabled,r,go 38607;
1077,left,38896,0,0,251,60,enabled,l,go 38607;
1078,-,38896,4,154,226,179,enabled,o,go 41124;
1079,up,38896,224,0,95,480,enabled,u,go 78339;
1080,right,30143,0,364,320,120,enabled,r,go 30633;
1081,left,30143,0,0,319,122,enabled,l,go 30633;
1082,-,30143,16,161,218,158,enabled,o,go 42183;
1083,right,41827,0,395,319,84,enabled,r,go 41124;
1084,left,41827,0,0,320,76,enabled,l,go 41124;
1085,-,41827,14,192,210,142,enabled,o,go 38607;
1086,up,41827,239,0,80,480,enabled,u,go 78339;
1087,right,42482,0,367,320,118,enabled,r,go 42183;
1088,-,42482,32,168,218,174,enabled,o,go 30633;
1089,left,42482,0,0,319,114,enabled,l,go 42183;
1090,-,41124,0,130,320,291,enabled,o,go 41328;
1091,right,41124,0,410,319,69,enabled,r,go 41827;
1092,left,41124,0,0,320,97,enabled,l,go 41827;
1093,right,42183,0,395,320,90,enabled,r,go 42482;
1094,left,42183,0,0,320,104,enabled,l,go 42482;
1095,-,42183,0,140,320,280,enabled,o,go 42659;
1096,up,41328,182,5,137,468,enabled,u,go 41677;ps EL Servo Motor;
1097,-,41328,0,0,188,480,enabled,o,go 41827;
1098,up,42659,186,18,133,442,enabled,u,go 42800;pm MU Planetarium Mov;vm 60;ps EL Servo Motor;
1099,-,42659,0,0,196,480,enabled,o,go 42482;
1100,down,41677,0,0,319,480,enabled,d,go 41328;ps EL Servo Motor;
1101,-,41677,21,54,264,396,enabled,,
1102,KnobA,41677,171,244,25,23,enabled,,"?? MY_PlaBlinkyButton|ps MR PlanetMotors2,pa space=PlanetariumStarField\300=100=106=105\5\0.1\YES,in 3\pa space=stop\ca MY_Planetarium setStarMap:;"
1103,M1,41677,56,111,26,50,enabled,,
1104,M2,41677,55,127,25,16,enabled,,
1105,M3,41677,55,145,25,16,enabled,,
1106,D1,41677,56,169,26,15,enabled,,
1107,D2,41677,56,183,26,15,enabled,,
1108,Y1,41677,56,206,26,15,enabled,,
1109,Y2,41677,56,221,26,15,enabled,,
1110,Y3,41677,56,235,26,15,enabled,,
1111,Y4,41677,56,250,26,15,enabled,,
1112,T1,41677,56,269,26,15,enabled,,
1113,T2,41677,56,285,26,14,enabled,,
1114,T3,41677,56,302,26,15,enabled,,
1115,T4,41677,56,317,26,15,enabled,,
1116,T5,41677,55,339,26,15,enabled,,
1117,-,41677,110,274,19,16,enabled,,
1118,-,41677,110,307,19,16,enabled,,
1119,-,41677,110,338,19,16,enabled,,
1120,-,41677,110,370,19,16,enabled,,
1121,Month,41677,220,276,12,15,enabled,,
1122,Day,41677,220,307,12,15,enabled,,
1123,Year,41677,220,339,12,15,enabled,,
1124,Time,41677,220,371,12,15,enabled,,
1125,-,41677,236,274,19,16,enabled,,
1126,-,41677,236,307,19,16,enabled,,
1127,-,41677,236,338,19,16,enabled,,
1128,-,41677,236,369,19,16,enabled,,
1129,space,41677,131,107,101,92,enabled,,
1130,down2,41677,28,22,258,209,enabled,d,go 41328;ps EL Servo Motor;
1131,-,42800,0,0,320,480,enabled,d,go 42659;ps EL Servo Motor;
1132,-,42800,22,30,283,419,enabled,,
1133,KnobA,42800,171,244,25,23,enabled,,"?? MY_PlaBlinkyButton|ps MR PlanetMotors2,pa space=PlanetariumStarFieldLight\300=100=106=105\5\0.1\YES,in 3\pa space=stop\ca MY_Planetarium setStarMap:Light;"
1134,M1,42800,56,111,26,50,enabled,,
1135,M2,42800,55,127,25,16,enabled,,
1136,M3,42800,55,145,25,16,enabled,,
1137,D1,42800,56,169,26,15,enabled,,
1138,D2,42800,56,183,26,15,enabled,,
1139,Y1,42800,56,206,26,15,enabled,,
1140,Y2,42800,56,221,26,15,enabled,,
1141,Y3,42800,56,235,26,15,enabled,,
1142,Y4,42800,56,250,26,15,enabled,,
1143,T2,42800,56,285,26,14,enabled,,
1144,T3,42800,56,302,26,15,enabled,,
1145,T4,42800,56,317,26,15,enabled,,
1146,-,42800,110,274,19,16,enabled,,
1147,-,42800,236,274,19,16,enabled,,
1148,-,42800,110,307,19,16,enabled,,
1149,-,42800,236,307,19,16,enabled,,
1150,-,42800,236,338,19,16,enabled,,
1151,-,42800,110,338,19,16,enabled,,
1152,Day,42800,171,307,12,14,enabled,,
1153,Year,42800,194,339,12,14,enabled,,
1154,Month,42800,133,276,12,14,enabled,,
1155,T1,42800,56,269,26,15,enabled,,
1156,T5,42800,55,339,26,15,enabled,,
1157,Time,42800,194,371,12,14,enabled,,
1158,-,42800,236,369,19,16,enabled,,
1159,-,42800,110,370,19,16,enabled,,
1160,left,5726,0,0,319,91,enabled,l,go 5956;
1161,gearMarker,5726,217,110,89,160,enabled,,
1162,right,5726,0,400,319,79,enabled,r,go 5956;
1163,-,5726,0,126,302,303,enabled,o,go 10316;pm BR Seagulls:Water Slosh Mx Mov;vm 40;
1164,docmarker2,5956,126,84,24,25,enabled,,
1165,docmarker,5956,135,84,20,22,enabled,,
1166,boatMarker,5956,83,0,235,233,enabled,,
1167,-,5956,0,59,244,157,enabled,o,go 6551;
1168,left,5956,0,0,319,51,enabled,l,go 5726;
1169,-,5956,0,216,252,129,enabled,o,go 6798;
1170,qboa,5956,159,166,22,16,disabled,o,go 6551;
1171,qdoc,5956,141,216,37,42,enabled,o,go 6551;
1172,qdoc,5956,103,159,56,62,enabled,o,go 6551;
1173,-,6278,0,98,299,238,enabled,o,go 5726;
1174,right,6278,0,231,119,248,enabled,r,go 6551;
1175,left,6278,0,0,319,61,enabled,l,go 6798;
1176,gearMarker,6278,230,137,66,115,enabled,o,?? MY_GearGate|sc Platform1-E (gearOpen);go 5726;
1177,right,6278,0,414,319,65,enabled,r,go 6798;
1178,docMarker2,6551,181,227,21,20,enabled,,
1179,boatMarker,6551,137,0,182,443,enabled,,
1180,left,6551,0,0,319,45,enabled,l,go 5726;
1181,docMarker,6551,180,226,22,19,enabled,,
1182,-,6551,23,138,275,270,enabled,o,go 4495;pm BR Seagulls:Water Slosh Mx Mov;vm 180;
1183,right,6551,0,408,319,71,enabled,r,go 6798;
1184,qdoc,6551,134,335,60,84,enabled,o,go 4495;pm BR Seagulls:Water Slosh Mx Mov;vm 180;
1185,qboa,6551,201,343,28,27,enabled,o,go 4495;pm BR Seagulls:Water Slosh Mx Mov;vm 180;
1186,boatMarker,6798,0,0,319,116,enabled,,
1187,left,6798,0,0,318,175,enabled,l,go 6551;
1188,-,6798,0,174,271,174,enabled,o,go 7516;
1189,right,6798,0,405,319,74,enabled,r,go 6278;
1190,qdoc left,6798,0,84,86,88,enabled,o,go 6551;
1191,qste,6798,97,247,81,80,enabled,o,go 7516;
1192,gearMarker,7040,199,232,47,81,enabled,,
1193,DocMarker,7040,84,384,13,13,enabled,,
1194,-,7040,0,150,281,195,enabled,o,go 6278;
1195,left,7040,0,0,319,102,enabled,l,go 7902;
1196,boatMarker,7040,1,378,218,97,enabled,,
1197,right,7040,0,370,319,109,enabled,r,go 7191;
1198,qgea,7040,189,237,52,84,enabled,o,go 6278;
1199,qdoc3 right,7040,0,370,100,45,enabled,o,go 7191;
1200,qdoc3,7040,0,316,100,29,enabled,o,go 6278;
1201,qdoc3,7040,0,345,100,26,enabled,,
1202,boatMarker,7191,40,0,279,462,enabled,,
1203,left,7191,0,0,320,116,enabled,l,go 7040;
1204,right,7191,0,356,319,123,enabled,r,go 7516;
1205,qdoc2,7191,0,115,75,247,enabled,,
1206,moovMarker,7191,273,308,46,105,enabled,,
1207,-,7516,0,213,229,274,enabled,o,go 7902;
1208,left,7516,0,0,320,142,enabled,l,go 7191;
1209,right,7516,0,371,111,108,enabled,r,go 7040;
1210,-,7902,0,139,319,302,enabled,o,go 8079;pm BR Seagulls:Water Slosh Mx Mov;vm 70;
1211,right,7902,0,373,201,111,enabled,r,go 7040;
1212,qpla,7902,196,389,52,53,enabled,o,go 8079;pm BR Seagulls:Water Slosh Mx Mov;vm 70;
1213,qpat2,7902,172,240,69,70,enabled,o,go 8079;pm BR Seagulls:Water Slosh Mx Mov;vm 70;
1214,-,55730,19,115,270,252,enabled,o,go 55938;pm AR Lite Wind Mov;vm 80;
1215,right,55730,0,367,320,121,enabled,r,go 55329;
1216,left,55730,0,0,320,64,enabled,l,go 78050;
1217,-,55329,0,132,275,220,enabled,o,go 56157;pm AR Lite Wind Mov;vm 50;
1218,left,55329,0,0,320,133,enabled,l,go 55730;
1219,right,55329,0,431,320,53,enabled,r,go 78050;
1220,cover,55938,20,127,127,222,enabled,,
1221,lever,55938,9,270,104,44,enabled,,
1222,right,55938,0,304,319,174,enabled,r,"go 63509;pm AR Lite Wind Mov;vm 80;?? MY_SpaceSolved|ps EL SharpHum,sv MY_SpaceSolved=NO;"
1223,-,55938,0,91,319,159,enabled,,
1224,left,55938,0,0,319,165,enabled,l,"go 63509;pm AR Lite Wind Mov;vm 80;?? MY_SpaceSolved|ps EL SharpHum,sv MY_SpaceSolved=NO;"
1225,-,55938,97,269,16,35,enabled,,cb MY_Spaceship controlBegan:\controlMoved:\controlEnded:;
1226,CRT,55938,199,197,78,76,enabled,,"?? MY_SpaceSolved|ca X_Linking linkToAge:iSeleniticDB,sv MY_SpaceSolved=NO;"
1227,N1,55938,46,170,11,16,enabled,,cb MY_Spaceship sliderBegan:1\sliderMoved:1\sliderEnded:1;
1228,N2,55938,46,185,11,16,enabled,,cb MY_Spaceship sliderBegan:2\sliderMoved:2\sliderEnded:2;
1229,N3,55938,46,200,11,16,enabled,,cb MY_Spaceship sliderBegan:3\sliderMoved:3\sliderEnded:3;
1230,N4,55938,46,215,11,16,enabled,,cb MY_Spaceship sliderBegan:4\sliderMoved:4\sliderEnded:4;
1231,N5,55938,46,230,11,16,enabled,,cb MY_Spaceship sliderBegan:5\sliderMoved:5\sliderEnded:5;
1232,left,56157,0,0,319,240,enabled,l,zm -1.0=0=0=0.25;in 0.25\go 65713;
1233,right,56157,0,240,319,239,enabled,r,zm -1.0=0=0=0.25;in 0.25\go 65713;
1234,keyboard,56157,60,77,105,324,enabled,,
1235,keymask,56157,100,145,57,22,enabled,,
1236,0,56157,100,87,58,20,enabled,,cb MY_Spaceship keyBegan:85=6=58=28=-12.0=85=100=30=58\keyMoved:\keyEnded:;
1237,2,56157,98,101,59,20,enabled,,cb MY_Spaceship keyBegan:152=21=59=29=-10.0=100=100=28=58\keyMoved:\keyEnded:;
1238,1,56157,132,106,30,14,enabled,,cb MY_Spaceship keyBegan:51=29=31=20=-11.0=107=132=18=29\keyMoved:\keyEnded:;
1239,4,56157,95,120,66,16,enabled,,cb MY_Spaceship keyBegan:85=39=57=25=-8.0=117=99=25=58\keyMoved:\keyEnded:;
1240,6,56157,97,135,62,15,enabled,,cb MY_Spaceship keyBegan:151=55=59=29=-6.0=131=99=26=58\keyMoved:\keyEnded:;
1241,7,56157,99,147,56,16,enabled,,cb MY_Spaceship keyBegan:85=72=59=24=-5.0=145=100=22=57\keyMoved:\keyEnded:;
1242,9,56157,95,162,67,18,enabled,,cb MY_Spaceship keyBegan:151=89=60=23=-3.0=161=99=19=58\keyMoved:\keyEnded:;
1243,11,56157,95,175,67,20,enabled,,cb MY_Spaceship keyBegan:85=105=57=24=-1.0=175=100=21=56\keyMoved:\keyEnded:;
1244,12,56157,95,188,67,19,enabled,,cb MY_Spaceship keyBegan:151=121=59=20=0.0=188=99=19=57\keyMoved:\keyEnded:;
1245,14,56157,97,202,63,17,enabled,,cb MY_Spaceship keyBegan:85=137=57=19=2.0=203=100=18=56\keyMoved:\keyEnded:;
1246,16,56157,96,217,64,15,enabled,,cb MY_Spaceship keyBegan:151=153=59=19=4.0=217=99=18=57\keyMoved:\keyEnded:;
1247,18,56157,97,232,62,15,enabled,,cb MY_Spaceship keyBegan:86=170=56=17=6.0=232=100=15=56\keyMoved:\keyEnded:;
1248,19,56157,98,247,61,15,enabled,,cb MY_Spaceship keyBegan:152=186=58=18=7.0=246=100=16=56\keyMoved:\keyEnded:;
1249,21,56157,97,261,61,15,enabled,,cb MY_Spaceship keyBegan:84=203=57=17=9.0=261=99=15=56\keyMoved:\keyEnded:;
1250,23,56157,98,273,59,15,enabled,,cb MY_Spaceship keyBegan:151=215=59=21=11.0=273=99=18=57\keyMoved:\keyEnded:;
1251,35,56157,94,372,67,21,enabled,,cb MY_Spaceship keyBegan:85=326=56=25=23.0=368=100=26=56\keyMoved:\keyEnded:;
1252,33,56157,97,358,63,20,enabled,,cb MY_Spaceship keyBegan:152=310=59=28=21.0=356=100=24=57\keyMoved:\keyEnded:;
1253,31,56157,96,341,62,20,enabled,,cb MY_Spaceship keyBegan:85=291=57=29=19.0=339=100=25=55\keyMoved:\keyEnded:;
1254,30,56157,98,329,61,19,enabled,,cb MY_Spaceship keyBegan:151=278=59=27=18.0=329=99=22=57\keyMoved:\keyEnded:;
1255,28,56157,97,315,61,18,enabled,,cb MY_Spaceship keyBegan:85=261=57=25=16.0=315=100=19=55\keyMoved:\keyEnded:;
1256,26,56157,97,302,63,17,enabled,,cb MY_Spaceship keyBegan:151=250=59=20=14.0=302=99=19=57\keyMoved:\keyEnded:;
1257,24,56157,97,285,61,18,enabled,,cb MY_Spaceship keyBegan:85=229=57=24=12.0=285=100=20=55\keyMoved:\keyEnded:;
1258,3,56157,130,121,30,16,enabled,,cb MY_Spaceship keyBegan:6=44=31=19=-9.0=120=132=18=30\keyMoved:\keyEnded:;
1259,5,56157,130,135,30,13,enabled,,cb MY_Spaceship keyBegan:52=60=29=17=-7.0=134=133=16=28\keyMoved:\keyEnded:;
1260,8,56157,129,161,31,15,enabled,,cb MY_Spaceship keyBegan:6=90=30=17=-4.0=161=132=16=29\keyMoved:\keyEnded:;
1261,10,56157,130,175,30,13,enabled,,cb MY_Spaceship keyBegan:51=107=30=13=-2.0=176=132=12=29\keyMoved:\keyEnded:;
1262,13,56157,130,202,30,11,enabled,,cb MY_Spaceship keyBegan:5=135=32=14=1.0=201=131=13=31\keyMoved:\keyEnded:;
1263,15,56157,130,216,30,11,enabled,,cb MY_Spaceship keyBegan:50=153=30=10=3.0=216=131=10=29\keyMoved:\keyEnded:;
1264,17,56157,129,229,31,10,enabled,,cb MY_Spaceship keyBegan:5=167=32=12=5.0=229=131=11=31\keyMoved:\keyEnded:;
1265,20,56157,130,255,30,11,enabled,,cb MY_Spaceship keyBegan:50=196=29=10=8.0=255=131=9=28\keyMoved:\keyEnded:;
1266,22,56157,130,268,30,11,enabled,,cb MY_Spaceship keyBegan:5=211=31=11=10.0=268=131=10=30\keyMoved:\keyEnded:;
1267,25,56157,130,292,30,15,enabled,,cb MY_Spaceship keyBegan:51=239=30=14=13.0=293=131=13=30\keyMoved:\keyEnded:;
1268,27,56157,130,305,30,15,enabled,,cb MY_Spaceship keyBegan:5=253=31=16=15.0=305=131=15=30\keyMoved:\keyEnded:;
1269,29,56157,130,318,30,15,enabled,,cb MY_Spaceship keyBegan:51=269=30=14=17.0=319=131=15=30\keyMoved:\keyEnded:;
1270,32,56157,130,345,30,15,enabled,,cb MY_Spaceship keyBegan:6=296=30=19=20.0=344=130=17=30\keyMoved:\keyEnded:;
1271,34,56157,130,357,30,15,enabled,,cb MY_Spaceship keyBegan:52=309=30=21=22.0=354=131=21=32\keyMoved:\keyEnded:;
1272,m2,56157,0,121,60,22,enabled,,
1273,-,65713,0,150,274,172,enabled,o,go 55730;pm AR Lite Wind Mov;vm 150;
1274,right,65713,0,322,320,158,enabled,r,go 56157;
1275,-,65713,0,8,294,142,enabled,o,go 78050;pm AR Lite Wind Mov;vm 150;
1276,shiMarker,63509,95,385,25,23,enabled,,
1277,right,63509,0,438,319,41,enabled,r,go 55938;
1278,-,63509,8,136,289,197,enabled,o,go 55329;pm AR Lite Wind Mov;vm 150;
1279,left,63509,0,0,319,150,enabled,l,go 55938;pm stop;
1280,-,63509,8,338,276,130,enabled,o,go 78050;pm AR Lite Wind Mov;vm 150;
1281,left,55197,0,0,319,152,enabled,l,go 14069;?? MY_SpaceshipDoor|in 0.5\ps DR Spaceship Up;
1282,openDoor,55197,0,155,295,172,enabled,,"?? MY_SpaceUnlocked|ps DR Spaceship Up,sc SpaceShipEnter (open),en EnterShip=YES,en openDoor=NO,sv MY_SpaceshipDoor=YES|ps DR Spaceship Lock;"
1283,EnterShip,55197,0,172,270,151,enabled,o,go 55730;pm AR Lite Wind Mov;vm 150;
1284,shiMarker,78050,94,168,24,32,enabled,,
1285,right,78050,0,386,320,97,enabled,r,go 55730;
1286,-,78050,0,119,320,250,enabled,o,go 14069;pm AR Lite Wind Mov;vm 250;in 0.5\ps DR Spaceship Up;
1287,left,78050,0,0,320,93,enabled,l,go 55329;
1288,-,12527,0,187,209,240,enabled,o,go 13071;pm AR Lite Wind Mov;vm 250;
1289,right,12527,0,435,320,46,enabled,r,go 12581;
1290,-,12527,0,13,235,117,enabled,o,go 24061;
1291,left,12527,0,0,319,37,enabled,l,go 12581;
1292,qshi,12527,139,232,39,128,enabled,o,go 13071;pm AR Lite Wind Mov;vm 250;
1293,qbre2,12527,74,48,161,66,enabled,o,go 24061;
1294,boatMarker,12581,153,123,67,72,enabled,,
1295,-,12581,29,120,214,215,enabled,o,go 27005;pm AR Lite Wind Mov;vm 200;
1296,left,12581,0,0,320,45,enabled,l,go 12527;
1297,right,12581,0,453,320,36,enabled,r,go 12527;
1298,-,12581,63,52,245,71,enabled,o,go 11521;pm AR Lite Wind Mov;vm 180;
1299,-,12581,70,301,212,152,enabled,o,go 11357;pm AR Lite Wind Mov;vm 180;
1300,ShiMarker,13071,154,242,11,11,enabled,,
1301,right,13071,0,425,320,84,enabled,r,go 12994;
1302,left,13071,0,0,320,42,enabled,l,go 12994;
1303,-,13071,0,44,200,361,enabled,o,go 13372;
1304,qshi,13071,131,180,55,205,enabled,o,go 13372;
1305,-,12994,2,120,226,195,enabled,o,go 12581;pm AR Lite Wind Mov;vm 230;
1306,right,12994,0,437,320,52,enabled,r,go 13071;
1307,left,12994,0,0,320,67,enabled,l,go 13071;
1308,ShiMarker,13372,150,255,18,13,enabled,,
1309,right,13372,0,413,320,71,enabled,r,go 14084;
1310,left,13372,0,0,320,61,enabled,l,go 14084;
1311,-,13372,0,110,205,263,enabled,o,go 13712;
1312,-,14084,0,112,220,216,enabled,o,go 12994;
1313,right,14084,0,410,320,75,enabled,r,go 13372;
1314,left,14084,0,0,320,60,enabled,l,go 13372;
1315,qpat,14084,128,232,61,69,enabled,o,go 12994;
1316,-,13712,0,86,258,184,enabled,o,go 55197;
1317,left,13712,0,0,320,89,enabled,l,go 14069;
1318,right,13712,0,419,320,71,enabled,r,go 14069;
1319,ShiMarker,13712,127,264,59,68,enabled,,?? MY_ShiMarker|sv MY_ShiMarker=NO|sv MY_ShiMarker=YES;go 13712;ps SW Marker;
1320,-,14069,0,130,188,307,enabled,o,go 14084;
1321,right,14069,0,434,320,51,enabled,r,go 13712;
1322,left,14069,0,0,320,75,enabled,l,go 13712;
1323,qpat,14069,137,192,48,60,enabled,o,go 14084;
1324,gearMarker,10316,80,81,231,265,enabled,,
1325,geaMarker,10316,186,18,20,25,enabled,,
1326,left,10316,0,0,259,78,enabled,l,go 11197;
1327,-,10316,86,16,173,340,enabled,o,"go 10973;?? MY_GearGate|pm FlyGearGate:Music.Moov,vm 50;"
1328,right,10316,0,394,320,90,enabled,r,go 11197;
1329,-,10316,0,106,97,287,enabled,o,go 10973;
1330,boatMarker,11197,0,0,319,82,enabled,,
1331,-,11197,0,86,262,264,enabled,o,go 5956;pm BR Seagulls:Water Slosh Mx Mov;vm 70;
1332,right,11197,0,403,319,76,enabled,r,go 10316;
1333,qste,11197,170,168,51,48,enabled,o,go 5956;pm BR Seagulls:Water Slosh Mx Mov;vm 70;
1334,qdoc,11197,55,95,113,67,enabled,o,go 5956;pm BR Seagulls:Water Slosh Mx Mov;vm 70;
1335,TreeGate,31619,102,206,218,61,enabled,,
1336,-,31619,17,150,233,154,enabled,o,go 31932;
1337,left,31619,0,0,320,89,enabled,l,go 32948;
1338,right,31619,0,394,320,98,enabled,r,go 32948;
1339,qtre,31619,83,199,124,71,enabled,o,go 31932;
1340,-,32948,48,216,204,231,enabled,o,go 19652;
1341,-,32948,22,0,232,179,enabled,o,go 21170;
1342,right,32948,0,429,320,52,enabled,r,go 31619;
1343,treeGate,31932,98,217,222,48,enabled,,
1344,-,31932,1,138,233,187,enabled,o,go 32178;
1345,right,31932,0,391,320,104,enabled,r,go 32604;
1346,left,31932,0,0,320,87,enabled,l,go 32604;
1347,-,32604,27,147,184,192,enabled,o,go 32948;
1348,right,32604,0,358,320,153,enabled,r,go 31932;
1349,left,32604,0,0,320,67,enabled,l,go 31932;
1350,TreeGate,32178,6,182,314,140,enabled,,
1351,up,32178,244,0,75,480,enabled,u,go 83585;
1352,right,32178,0,406,320,81,enabled,r,go 32403;
1353,left,32178,0,0,320,78,enabled,l,go 32403;
1354,TreeDoor,32178,16,198,229,107,enabled,o,?? MY_TreeGateAtGround|go 57929;
1355,treeGate,83585,0,157,320,193,enabled,,
1356,down,83585,0,0,106,479,enabled,d,go 32178;
1357,-,32403,42,136,241,205,enabled,o,go 32604;
1358,right,32403,0,422,320,87,enabled,r,go 32178;
1359,left,32403,0,0,320,71,enabled,l,go 32178;
1360,qcab,32403,169,267,83,40,enabled,o,go 32604;
1361,TreeMarker,45039,0,125,319,239,enabled,,
1362,TreeRoom,45039,0,110,319,277,enabled,o,"?? MY_TreeGateAtBottom|go 45222,pm FlyChannel:Music.Moov,vm 100;?? MY_TreeGateAtGround|go 32403;"
1363,down,45039,0,104,96,280,enabled,d,"?? MY_TreeGateAboveGround|go 71480;?? MY_TreeGateAtBottom|go 45222=o,pm FlyChannel:Music.Moov,vm 100;"
1364,markerButton,45039,192,69,83,43,enabled,,cb MY_Cabin overrideBegan:TreegateIn (button in)\overrideMoved:\overrideEnded:;
1365,-,45039,220,90,26,17,disabled,,
1366,treedoor,71480,20,0,299,480,enabled,,
1367,up,71480,188,1,131,478,enabled,u,go 45039;
1368,-,71480,0,125,173,226,enabled,,
1369,-,45222,30,174,195,134,enabled,o,go 45561;pm FlyChannel:Music.Moov;vm 120;
1370,right,45222,0,383,319,96,enabled,r,go 46046;
1371,left,45222,0,0,319,96,enabled,l,go 46046;
1372,treeMarker,46046,0,151,320,174,enabled,,
1373,marker,46046,62,50,116,99,enabled,,
1374,InTree,46046,0,169,312,127,enabled,o,"?? MY_TreeGateAtNearBottom|go 57929,pm AR Howling&Birds Mov,vm 100;"
1375,right,46046,0,354,319,125,enabled,r,go 45222;
1376,left,46046,0,0,319,109,enabled,l,go 45222;
1377,wheel,46046,90,48,90,90,enabled,,cb MY_Cabin tWB:\tWM:marker=TreeRoomValve \tWE:;
1378,-,46046,99,90,73,37,disabled,,
1379,-,46046,123,82,17,18,disabled,,
1380,left,45561,0,0,319,138,enabled,l,go 45802;pm FlyChannel:Music.Moov;vm 100;
1381,right,45561,0,345,319,132,enabled,r,go 45802;pm FlyChannel:Music.Moov;vm 100;
1382,-,45561,82,218,62,57,enabled,o,go 77210;pm FlyChannel:Music.Moov;vm 150;
1383,-,77210,0,0,320,480,enabled,o,go 45561;pm FlyChannel:Music.Moov;vm 120;
1384,-,77210,11,147,294,188,enabled,o,go 77588;pm FlyChannel:Music.Moov;vm 250;
1385,-,77588,0,0,319,480,enabled,o,go 45561;pm FlyChannel:Music.Moov;vm 120;
1386,-,77588,13,66,298,343,enabled,,
1387,marker,77588,160,276,81,110,enabled,,ca X_Linking linkToAge:iChannelwoodDB;
1388,marker,45802,118,145,67,62,enabled,,
1389,right,45802,0,382,319,97,enabled,r,go 45561;
1390,left,45802,0,0,319,97,enabled,l,go 45561;
1391,-,45802,4,137,238,204,enabled,o,go 46046;pm FlyChannel:Music.Moov;vm 100;
1392,treeMarker,45802,0,195,256,88,enabled,,go 46046;pm FlyChannel:Music.Moov;vm 100;
1393,mooVMarker,5234,122,220,7,37,enabled,,
1394,-,5234,0,157,283,167,enabled,o,go 25094;pm MU VaultSound Mov;vm 40;
1395,right,5234,0,341,319,138,enabled,r,go 89364;
1396,left,5234,0,0,319,138,enabled,l,go 89364;
1397,qvau,5234,108,209,46,61,enabled,o,go 25094;pm MU VaultSound Mov;vm 40;
1398,right,89364,0,379,319,100,enabled,r,go 5234;
1399,left,89364,0,0,319,100,enabled,l,go 5234;
1400,-,89364,58,167,213,141,enabled,o,go 2838;pm BR Seagulls:Water Slosh Mx Mov;vm 180;in 0.5\ps DR Grayroom Down;
1401,mooVMarker,25094,128,216,16,49,enabled,,
1402,-,25094,0,151,272,196,enabled,o,go 79408;pm MU VaultSound Mov;vm 70;
1403,right,25094,0,351,319,128,enabled,r,go 89294;
1404,left,25094,0,0,319,128,enabled,l,go 89294;
1405,qvau,25094,96,203,63,82,enabled,o,go 79408;pm MU VaultSound Mov;vm 70;
1406,-,89294,0,156,246,187,enabled,o,go 89364;pm BR Seagulls:Water Slosh Mx Mov;vm 50;
1407,left,89294,0,0,319,128,enabled,l,go 25094;
1408,right,89294,0,351,319,128,enabled,r,go 25094;
1409,qdoc2,89294,102,193,140,97,enabled,o,go 89364;pm BR Seagulls:Water Slosh Mx Mov;vm 50;
1410,moovMarker,79408,221,216,15,49,enabled,,
1411,-,79408,0,134,270,210,enabled,o,go 86000;pm MU VaultSound Mov;vm 110;
1412,right,79408,0,352,319,127,enabled,r,go 88832;
1413,left,79408,0,0,319,127,enabled,l,go 88832;
1414,qvau,79408,162,200,70,81,enabled,o,go 86000;pm MU VaultSound Mov;vm 110;
1415,-,88832,0,146,271,183,enabled,o,go 89294;pm MU VaultSound Mov;vm 40;
1416,right,88832,0,352,319,127,enabled,r,go 79408;
1417,left,88832,0,0,319,127,enabled,l,go 79408;
1418,qdoc2,88832,113,202,126,75,enabled,o,go 89294;pm MU VaultSound Mov;vm 40;
1419,moovMarker,86000,233,202,26,77,enabled,,
1420,-,86000,0,138,281,211,enabled,o,go 86355;pm MU VaultSound Mov;vm 150;
1421,right,86000,0,352,319,127,enabled,r,go 88671;
1422,left,86000,0,0,319,127,enabled,l,go 88671;
1423,qvau,86000,184,194,90,96,enabled,o,go 86355;pm MU VaultSound Mov;vm 150;
1424,-,88671,0,134,299,220,enabled,o,go 88832;pm MU VaultSound Mov;vm 70;
1425,right,88671,0,362,319,117,enabled,r,go 86000;
1426,left,88671,0,0,319,117,enabled,l,go 86000;
1427,qdoc2,88671,110,201,91,83,enabled,o,go 88832;pm MU VaultSound Mov;vm 70;
1428,right,89742,0,352,319,127,enabled,,go 88832;
1429,right,89742,0,352,319,127,enabled,,go 88832;
1430,left,89742,0,0,319,144,enabled,l,go 86355;
1431,right,89742,0,335,319,144,enabled,r,go 88345;
1432,-,89742,90,398,80,64,enabled,o,go 90595;
1433,moovMarker,86355,113,187,11,105,enabled,,
1434,-,86355,0,124,268,229,enabled,o,go 86826;
1435,right,86355,0,361,319,118,enabled,r,go 89742;
1436,left,86355,0,0,319,118,enabled,l,go 90296;
1437,-,88345,0,159,310,172,enabled,o,go 88671;pm MU VaultSound Mov;vm 110;
1438,left,88345,0,0,319,120,enabled,l,go 89742;
1439,right,88345,0,359,319,120,enabled,r,go 90296;
1440,-,88345,80,0,81,50,enabled,o,go 90595;
1441,qdoc2,88345,229,197,73,89,enabled,o,go 88671;pm MU VaultSound Mov;vm 110;
1442,left,90296,0,0,319,106,enabled,l,go 88345;
1443,right,90296,0,347,319,131,enabled,r,go 86355;
1444,left,87276,0,0,319,123,enabled,l,go 86826;
1445,right,87276,0,350,319,129,enabled,r,go 88101;
1446,mooVMarker,86826,123,135,66,209,enabled,,
1447,right,86826,0,370,319,109,enabled,r,go 87276;pm MU VaultSound Mov;vm 150;
1448,left,86826,0,0,319,121,enabled,l,go 87971;pm MU VaultSound Mov;vm 150;
1449,marker1,86826,0,230,71,29,enabled,,
1450,none,86826,40,225,40,40,enabled,q,ps SW PushButton In;?? MY_VaultWater|go 86827|ca MY_Library swVaultImager:;?? MY_VaultPlayImagerMovie|pv full&touch&var=MY_VaultImagerMovie\go 86826;
1451,markerMountain,86826,123,140,103,197,enabled,,
1452,markerMarkerSwitch,86826,124,142,49,197,enabled,,
1453,left,88101,0,0,319,102,enabled,l,go 87276;
1454,-,88101,0,143,310,205,enabled,o,go 88345;pm MU VaultSound Mov;vm 150;
1455,-,88101,157,106,35,30,enabled,o,go 90595;pm MU VaultSound Mov;vm 150;
1456,right,88101,0,377,319,102,enabled,r,go 87971;
1457,qdoc2,88101,227,205,72,69,enabled,o,go 88345;
1458,right,87971,0,358,319,121,enabled,r,go 86826;
1459,left,87971,0,0,319,121,enabled,l,go 88101;
1460,marker,90595,70,174,146,120,enabled,,
1461,-,90595,186,325,133,154,enabled,o,go 88671;
1462,left,90595,0,0,319,125,enabled,l,go 89742;
1463,panel,90595,79,190,116,100,enabled,o,go 90101;
1464,none,90595,181,191,11,10,enabled,o,go 90101;
1465,right,90595,0,380,186,99,enabled,r,go 90296;
1466,Down,90877,82,199,72,74,enabled,,
1467,marker,90877,58,175,158,134,enabled,,
1468,none,90877,0,0,319,185,enabled,o,ca MY_Library eraseKillTimers:;ps MR Mech Bsmt Stairs;ca X_Global bringHSToFront:marker;sc marker=Vault ControlPanel (Sunk)*;in 0.50\ps SW Spaceship Lever\go 89742;
1469,none,90877,0,291,319,188,enabled,o,ca MY_Library eraseKillTimers:;ps MR Mech Bsmt Stairs;ca X_Global bringHSToFront:marker;sc marker=Vault ControlPanel (Sunk)*;in 0.50\ps SW Spaceship Lever\go 90296;
1470,panel,90877,79,190,116,100,enabled,,
1471,-,90877,133,234,20,25,enabled,,ps SW PushButton In;ca MY_Library incVaultDigit:2=1;
1472,-,90877,111,234,20,25,enabled,,ps SW PushButton In;ca MY_Library incVaultDigit:2=-1;
1473,-,90877,133,204,20,25,enabled,,ps SW PushButton In;ca MY_Library incVaultDigit:1=1;
1474,-,90877,111,204,20,25,enabled,,ps SW PushButton In;ca MY_Library incVaultDigit:1=-1;
1475,digit2,90877,155,236,27,20,enabled,,
1476,digit1,90877,155,205,27,20,enabled,,
1477,none,90877,149,200,38,61,enabled,,
1478,erase,90877,91,249,14,15,enabled,o,ca MY_Library eraseButton:;
1479,-,90101,0,0,319,480,enabled,o,go 90595;
1480,-,90101,0,92,317,292,enabled,,
1481,none,90101,270,88,46,46,enabled,o,sv MY_VaultPanelOpen=YES;go 90877;
1482,PlaMarker,8079,197,387,20,22,enabled,,
1483,left,8079,0,0,319,89,enabled,l,go 2123;
1484,-,8079,1,144,317,335,enabled,o,go 3604;pm AR Lite Wind Mov;vm 70;
1485,right,8079,0,339,114,140,enabled,r,go 2123;
1486,qpat2,8079,155,193,78,70,enabled,o,go 3604;pm AR Lite Wind Mov;vm 70;
1487,qpla,8079,152,380,93,80,enabled,o,go 3604;pm AR Lite Wind Mov;vm 70;
1488,-,8079,11,343,37,44,enabled,o,go 25971;
1489,-,8631,0,0,319,480,enabled,o,go 8079;
1490,-,8631,89,216,166,118,enabled,o,go 25971;
1491,-,8631,119,147,123,70,enabled,,
1492,PlaMarker,8631,196,387,20,19,enabled,,
1493,-,25971,0,0,318,480,enabled,a,go 8079;
1494,-,25971,9,133,297,211,enabled,,
1495,PlaMarker,25971,197,387,20,22,enabled,,
1496,boatMarker,2123,107,0,211,480,enabled,,
1497,left,2123,180,0,139,52,enabled,l,go 8079;
1498,-,2123,62,0,205,179,enabled,o,go 7040;pm BR Seagulls:Water Slosh Mx Mov;vm 90;
1499,right,2123,0,390,319,90,enabled,r,go 8079;
1500,left,2123,0,0,84,80,enabled,l,go 8079;
1501,DocMarker,2123,198,42,15,14,enabled,,
1502,qdoc2,2123,99,177,57,60,enabled,o,go 7040;pm BR Seagulls:Water Slosh Mx Mov;vm 90;
1503,qdoc3,2123,163,41,48,29,enabled,o,go 7040;pm BR Seagulls:Water Slosh Mx Mov;vm 90;
1504,-,2123,152,76,87,245,enabled,,
1505,-,2123,12,143,264,247,enabled,o,go 7191;
1506,qdoc2,2123,93,237,57,76,enabled,o,go 7191;
1507,PlaMarker,3604,178,443,24,27,enabled,,
1508,-,3604,0,270,214,209,enabled,o,go 9189;
1509,-,3604,0,32,147,220,enabled,o,go 9960;pm AR Lite Wind Mov;vm 90;
1510,-,3604,109,0,123,232,enabled,o,go 9960;pm AR Lite Wind Mov;vm 90;
1511,left,3604,0,0,121,37,enabled,l,go 9648;
1512,right,3604,212,444,107,35,enabled,r,go 9648;
1513,right,3604,0,429,47,50,enabled,r,go 9648;
1514,-,9648,0,176,225,252,enabled,o,go 2123;pm BR Seagulls:Water Slosh Mx Mov;vm 30;
1515,right,9648,0,431,320,54,enabled,r,go 3604;
1516,left,9648,0,0,319,88,enabled,l,go 8794;
1517,-,9648,21,251,34,43,enabled,o,go 91471;
1518,-,28321,0,0,318,480,enabled,o,go 9648;
1519,-,28321,54,147,167,185,enabled,o,go 91471;
1520,-,91471,0,0,318,479,enabled,o,go 9648;
1521,-,91471,8,132,298,214,enabled,,
1522,PlaMarker,8794,150,167,26,25,enabled,,
1523,-,8794,0,159,253,193,enabled,o,go 9189;
1524,left,8794,0,0,320,82,enabled,l,go 9960;
1525,right,8794,0,389,320,95,enabled,r,go 9648;
1526,right,9189,0,373,319,106,enabled,r,"?? MY_PlaDOOn|sv MY_PlaDOOn=NO,ps DR Door Close;?? MY_PlaDOOff|sv MY_PlaDOOff=NO,ps DR Door Close;go 9457;pm AR Lite Wind Mov;vm 70;"
1527,left,9189,0,0,319,101,enabled,l,"?? MY_PlaDOOn|sv MY_PlaDOOn=NO,ps DR Door Close;?? MY_PlaDOOff|sv MY_PlaDOOff=NO,ps DR Door Close;go 9457;pm AR Lite Wind Mov;vm 70;"
1528,DoorClosed,9189,0,149,245,157,enabled,,?? MY_PlaLight|sv MY_PlaDOOn=YES|sv MY_PlaDOOff=YES;go 9189;ps DR Creak Open;
1529,PlaMarker,9189,60,35,78,71,enabled,,?? MY_PlaMarker|sv MY_PlaMarker=NO|sv MY_PlaMarker=YES;go 9189;ps SW Marker;
1530,EnterPla,9189,0,205,251,112,enabled,o,"?? MY_PlaDOOn|go 30143,pm MU Planetarium Mov,vm 150,sv MY_PlaDOOn=NO;?? MY_PlaDOOff|go 38896,pm MU Planetarium Mov,vm 150,sv MY_PlaDOOff=NO;"
1531,DoorOpen,9189,1,143,247,64,enabled,,"?? MY_PlaDOOn|sv MY_PlaDOOn=NO,go 9189,in 0.5\ps DR Door Close;?? MY_PlaDOOff|sv MY_PlaDOOff=NO,go 9189,in 0.5\ps DR Door Close;"
1532,right,9457,0,436,319,43,enabled,r,go 9189;
1533,-,9457,22,22,201,165,enabled,o,go 9648;pm AR Lite Wind Mov;vm 70;
1534,-,9457,49,272,235,165,enabled,o,go 9960;pm AR Lite Wind Mov;vm 90;
1535,left,9457,0,0,319,43,enabled,l,go 9189;
1536,-,9457,72,0,69,45,enabled,o,go 9648;pm AR Lite Wind Mov;vm 70;
1537,-,9457,110,414,82,65,enabled,o,go 9960;pm AR Lite Wind Mov;vm 90;
1538,-,9457,43,0,29,22,enabled,o,go 9648;pm AR Lite Wind Mov;vm 70;
1539,left,9960,0,0,52,88,enabled,l,go 10238;
1540,right,9960,0,448,320,48,enabled,r,go 10238;
1541,-,9960,46,0,156,185,enabled,o,go 11357;pm AR Lite Wind Mov;vm 180;
1542,-,9960,31,332,275,117,enabled,o,go 11521;pm AR Lite Wind Mov;vm 180;
1543,-,9960,0,167,208,165,enabled,o,go 11943;pm AR Lite Wind Mov;vm 180;
1544,qbre2,9960,145,309,16,17,enabled,o,go 11943;pm AR Lite Wind Mov;vm 180;
1545,-,10238,0,151,137,323,enabled,o,go 9648;pm AR Lite Wind Mov;vm 70;
1546,right,10238,0,443,319,36,enabled,r,go 9960;
1547,PlaMarker,10238,184,2,32,37,enabled,,
1548,-,10238,48,0,269,205,enabled,o,go 9189;
1549,left,10238,0,0,153,76,enabled,l,go 9960;
1550,-,10238,128,258,144,194,enabled,o,go 9648;pm AR Lite Wind Mov;vm 70;
1551,,37618,147,159,48,43,enabled,,cb MY_Cabin setSafeBegan:D1\setSafeMoved:\setSafeEnded:D1;
1552,,37618,147,202,48,22,enabled,,cb MY_Cabin setSafeBegan:D2\setSafeMoved:\setSafeEnded:D2;
1553,,37618,147,224,48,43,enabled,,cb MY_Cabin setSafeBegan:D3\setSafeMoved:\setSafeEnded:D3;
1554,,36943,0,157,50,50,enabled,,
1555,markerButton,2737,91,282,69,83,enabled,,?? MY_DocMarker|sv MY_DocMarker=NO|sv MY_DocMarker=YES;ca MY_Library checkDocMarkerSwitch:ps;go 2737;ps SW Marker;
1556,markerButton,26459,163,53,66,67,enabled,,?? MY_GarMarker|sv MY_GarMarker=NO|sv MY_GarMarker=YES;go 26459;ps SW Marker;
1557,markerButton,60085,92,19,65,86,enabled,,?? MY_CloMarker|sv MY_CloMarker=NO|sv MY_CloMarker=YES;go 60085;ps SW Marker;
1558,markerButton,21343,103,271,62,59,enabled,,?? MY_CabMarker|sv MY_CabMarker=NO|sv MY_CabMarker=YES;go 21343;ps SW Marker;
1559,markerButton,19652,116,265,69,60,enabled,,?? MY_CabMarker|sv MY_CabMarker=NO|sv MY_CabMarker=YES;go 19652;ps SW Marker;
1560,markerButton,16155,133,320,68,65,enabled,,?? MY_GarMarker|sv MY_GarMarker=NO|sv MY_GarMarker=YES;go 16155;ps SW Marker;
1561,,41677,96,267,35,31,enabled,,ca MY_Planetarium incMonth:1;rk ca MY_Planetarium incMonth:1;
1562,,41677,96,300,35,30,enabled,,ca MY_Planetarium incDay:1;rk ca MY_Planetarium incDay:1;
1563,,41677,96,331,35,30,enabled,,ca MY_Planetarium incYear:1;rk ca MY_Planetarium incYear:10;
1564,,41677,96,362,35,31,enabled,,ca MY_Planetarium incTime:1;rk ca MY_Planetarium incTime:10;
1565,,41677,235,266,35,31,enabled,,ca MY_Planetarium incMonth:-1;rk ca MY_Planetarium incMonth:-1;
1566,,41677,235,300,35,30,enabled,,ca MY_Planetarium incDay:-1;rk ca MY_Planetarium incDay:-1;
1567,,41677,235,331,35,30,enabled,,ca MY_Planetarium incYear:-1;rk ca MY_Planetarium incYear:-10;
1568,,41677,235,362,35,31,enabled,,ca MY_Planetarium incTime:-1;rk ca MY_Planetarium incTime:-10;
1569,,41677,132,268,102,30,enabled,,cb MY_Planetarium sliderMoved:Month\sliderMoved:Month\sliderEnded:;
1570,,41677,132,300,102,30,enabled,,cb MY_Planetarium sliderMoved:Day\sliderMoved:Day\sliderEnded:;
1571,,41677,132,331,102,30,enabled,,cb MY_Planetarium sliderMoved:Year\sliderMoved:Year\sliderEnded:;
1572,,41677,132,362,102,30,enabled,,cb MY_Planetarium sliderMoved:Time\sliderMoved:Time\sliderEnded:;
1573,space,42800,133,109,100,90,enabled,,
1574,,42800,235,266,35,31,enabled,,ca MY_Planetarium incMonth:-1;rk ca MY_Planetarium incMonth:-1;
1575,,42800,235,300,35,30,enabled,,ca MY_Planetarium incDay:-1;rk ca MY_Planetarium incDay:-1;
1576,,42800,235,331,35,30,enabled,,ca MY_Planetarium incYear:-1;rk ca MY_Planetarium incYear:-10;
1577,,42800,235,362,35,31,enabled,,ca MY_Planetarium incTime:-1;rk ca MY_Planetarium incTime:-10;
1578,,42800,132,268,102,30,enabled,,cb MY_Planetarium sliderMoved:Month\sliderMoved:Month\sliderEnded:;
1579,,42800,132,300,102,30,enabled,,cb MY_Planetarium sliderMoved:Day\sliderMoved:Day\sliderEnded:;
1580,,42800,132,331,102,30,enabled,,cb MY_Planetarium sliderMoved:Year\sliderMoved:Year\sliderEnded:;
1581,,42800,132,362,102,30,enabled,,cb MY_Planetarium sliderMoved:Time\sliderMoved:Time\sliderEnded:;
1582,,42800,96,267,35,31,enabled,,ca MY_Planetarium incMonth:1;rk ca MY_Planetarium incMonth:1;
1583,,42800,96,300,35,30,enabled,,ca MY_Planetarium incDay:1;rk ca MY_Planetarium incDay:1;
1584,,42800,96,332,35,30,enabled,,ca MY_Planetarium incYear:1;rk ca MY_Planetarium incYear:10;
1585,,42800,96,363,35,31,enabled,,ca MY_Planetarium incTime:1;rk ca MY_Planetarium incTime:10;
1586,MapTouch,50330,172,307,60,60,enabled,,cb MY_Library mapTowerBegan:\mapTowerMoved:\mapTowerEnded:;
1587,-,61932,122,166,197,149,enabled,,go 62394;
1588,,63906,1,79,192,70,enabled,,zm -1.0=0=0=.25;
1589,,63906,0,340,191,70,enabled,,zm -1.0=0=0=.25;
1590,,35918,105,123,214,253,enabled,o,go 36329;
1591,,130,160,269,100,126,enabled,,vm 0;go 150;ps transprt1;
1592,left2,55938,0,164,37,71,enabled,l,"go 63509;pm AR Lite Wind Mov;vm 80;?? MY_SpaceSolved|ps EL SharpHum,sv MY_SpaceSolved=NO;"
1593,right2,55938,1,235,36,70,enabled,r,"go 63509;pm AR Lite Wind Mov;vm 80;?? MY_SpaceSolved|ps EL SharpHum,sv MY_SpaceSolved=NO;"
1594,left3,55938,124,163,27,70,enabled,l,"go 63509;pm AR Lite Wind Mov;vm 80;?? MY_SpaceSolved|ps EL SharpHum,sv MY_SpaceSolved=NO;"
1595,right3,55938,124,232,25,72,enabled,r,"go 63509;pm AR Lite Wind Mov;vm 80;?? MY_SpaceSolved|ps EL SharpHum,sv MY_SpaceSolved=NO;"
1596,book,120,47,191,100,100,enabled,,"vm 0;in 0.5\pv full,touch=Intro2-F.m4v^go 130=n;"
1597,right,86827,0,357,319,121,enabled,r,go 87276;pm MU VaultSound Mov;vm 150;
1598,left,86827,0,0,319,121,enabled,l,go 87971;pm MU VaultSound Mov;vm 150;
1599,mooVMarker,86827,123,135,66,209,enabled,,
1600,,22299,35,275,60,80,enabled,,cb MY_Clock setHandsBegan:Beach1-W/down (button)\setHandsMoved:\setHandsEnded:22299;
1601,left,7902,0,0,319,122,enabled,l,go 7516;
1602,right,5956,0,378,289,100,enabled,r,go 5726;
1603,,41677,45,232,72,34,enabled,d,go 41328;ps EL Servo Motor;
1604,,41677,36,266,58,158,enabled,d,go 41328;ps EL Servo Motor;
1605,,42800,22,29,278,203,enabled,d,go 42659;ps EL Servo Motor;
1606,,42800,19,231,100,34,enabled,d,go 42659;ps EL Servo Motor;
1607,,42800,26,265,68,157,enabled,d,go 42659;ps EL Servo Motor;
1608,maptouch2,50330,58,94,221,309,enabled,,cb MY_Library mapTowerBegan:\mapTowerMoved:\mapTowerEnded:;
1609,right,58250,1,383,316,96,enabled,r,go 59122;pm BR Seagulls:Water Slosh Mx Mov;vm 100;in 0.5\ps DR Door Close;
1610,left,58250,0,0,318,97,enabled,l,go 59122;pm BR Seagulls:Water Slosh Mx Mov;vm 100;in 0.5\ps DR Door Close;
1611,-,28553,0,0,319,480,enabled,a,ca MY_Library movieDone:;go 71909;
1612,-,28553,10,67,292,341,enabled,,
1613,marker,28553,152,277,93,117,enabled,,ca MY_Library movieDone:;ca X_Linking linkToAge:iDunnyDB;
1614,-,28554,0,0,319,480,enabled,a,ca MY_Library movieDone:;go 71909;
1615,-,28554,10,67,292,341,enabled,,
1616,marker,28554,152,277,93,117,enabled,,ca MY_Library movieDone:;ca X_Linking linkToAge:iDunnyDB;
1617,theDoor,65889,0,84,318,319,enabled,,
