1,-,25246,0,90,233,307,enabled,o,go 2252;
2,right,25246,0,396,319,83,enabled,r,go 24522;
3,left,25246,0,0,319,83,enabled,l,go 24522;
4,-,2252,0,114,218,278,enabled,o,go 2522;
5,left,2252,0,0,319,82,enabled,l,go 4871;
6,right,2252,0,397,319,82,enabled,r,go 4871;
7,-,2522,0,120,225,252,enabled,o,go 3071;pm AR Lite Wind Mov;vm 200;
8,left,2522,0,0,319,78,enabled,l,go 4819;
9,right,2522,0,401,319,78,enabled,r,go 4819;
10,right,3071,0,388,319,91,enabled,r,go 4375;
11,left,3071,0,0,319,91,enabled,l,go 4375;
12,-,3071,0,136,274,217,enabled,o,go 5520;
13,-,5520,0,141,272,225,enabled,o,go 5801;
14,right,5520,0,406,319,73,enabled,r,go 7475;
15,left,5520,0,0,319,73,enabled,l,go 7475;
16,-,5801,0,141,282,267,enabled,o,go 6070;
17,right,5801,0,406,319,73,enabled,r,go 7689;
18,left,5801,0,0,319,92,enabled,l,go 7030;
19,left,7689,0,0,319,98,enabled,l,go 5801;
20,right,7689,0,403,319,76,enabled,r,go 7030;
21,-,7689,171,329,48,53,enabled,o,go 7990;
22,-,7689,51,180,206,122,enabled,,
23,-,42081,50,180,208,122,enabled,o,go 42331;pm EV Electmotors;vm 25;
24,-,42081,174,329,35,52,enabled,o,ps DR GenRoom Down;pm AR Lite Wind Mov;vm 150;go 42082;
25,right,42081,0,403,319,76,enabled,r,ps DR GenRoom Down;go 7030;
26,left,42081,0,0,319,98,enabled,l,ps DR GenRoom Down;go 5801;
27,-,42331,0,141,292,202,enabled,o,go 42717;pm EV Electmotors;vm 25;
28,right,42331,0,360,319,117,enabled,r,go 49998;
29,left,42331,0,0,319,131,enabled,l,go 49998;
30,-,42717,0,143,300,201,enabled,o,go 42772;pm EV Electmotors;vm 45;
31,right,42717,0,362,319,117,enabled,r,go 49709;
32,left,42717,0,0,319,117,enabled,l,go 49709;
33,-,42772,1,131,275,210,enabled,o,go 43138;pm EV Electmotors;vm 55;
34,right,42772,0,343,319,136,enabled,r,go 49553;
35,left,42772,0,0,319,130,enabled,l,go 49553;
36,-,43138,0,139,319,210,enabled,o,go 43281;pm EV Electmotors;vm 75;
37,right,43138,0,344,319,135,enabled,r,go 49257;
38,left,43138,0,0,319,131,enabled,l,go 49257;
39,-,43281,0,145,292,208,enabled,o,go 43546;pm EV Electmotors;vm 85;
40,right,43281,0,352,319,127,enabled,r,go 49062;
41,left,43281,0,0,319,129,enabled,l,go 49062;
42,-,43546,0,79,319,180,enabled,o,go 43809;pm EV Electmotors;vm 150;
43,left,43546,0,0,319,82,enabled,l,go 48887;
44,right,43546,0,315,319,164,enabled,r,go 48887;
45,-,43809,0,142,304,192,enabled,o,go 44077;pm EV Electmotors;vm 160;
46,left,43809,0,0,319,140,enabled,l,go 48018;
47,right,43809,0,339,319,140,enabled,r,go 48018;
48,-,44077,0,139,272,231,enabled,o,go 44361;pm EV Electmotors;vm 175;
49,right,44077,0,357,319,122,enabled,r,go 47707;
50,left,44077,0,0,301,121,enabled,l,go 47707;
51,-,44361,0,114,319,255,enabled,o,go 45359;pm EV Electmotors;vm 250;
52,right,44361,0,388,317,90,enabled,r,go 47612;
53,left,44361,2,0,317,90,enabled,l,go 47612;
54,-,44745,0,138,267,231,enabled,o,go 44825;
55,right,44745,0,361,319,118,enabled,r,go 48018;
56,left,44745,0,0,319,114,enabled,l,go 48018;
57,-,44825,0,141,305,207,enabled,o,go 45135;
58,right,44825,0,344,319,135,enabled,r,go 47707;
59,left,44825,0,0,319,135,enabled,l,go 47707;
60,-,45135,0,107,263,262,enabled,o,go 45359;
61,right,45135,0,348,319,131,enabled,r,go 47612;
62,left,45135,0,0,319,131,enabled,l,go 47612;
63,-,45359,0,156,319,182,enabled,o,go 45637;
64,right,45359,0,419,319,60,enabled,r,go 47305;
65,left,45359,0,0,319,67,enabled,l,go 47305;
66,-,45637,0,97,297,293,enabled,o,go 45893;
67,right,45637,0,374,319,105,enabled,r,go 41252;
68,left,45637,0,0,319,105,enabled,l,go 50469;
69,left,50469,0,0,319,105,enabled,l,go 46893;
70,right,50469,0,374,319,105,enabled,r,go 45637;
71,-,50469,0,117,275,247,enabled,o,go 50747;
72,-,50747,0,160,244,251,enabled,o,go 51113;
73,right,50747,0,411,319,68,enabled,r,go 52772;
74,left,50747,0,0,319,88,enabled,l,go 52714;
75,left,52772,0,0,319,118,enabled,l,go 50747;
76,right,52772,0,352,319,127,enabled,r,go 52714;
77,-,51113,0,136,243,263,enabled,o,go 51414;
78,right,51113,0,411,319,68,enabled,r,go 53215;
79,left,51113,0,0,319,83,enabled,l,go 52457;
80,left,53215,0,0,319,153,enabled,l,go 51113;
81,right,53215,0,392,319,87,enabled,r,go 52457;
82,-,51414,0,149,251,251,enabled,o,go 51511;
83,right,51414,0,405,319,75,enabled,r,go 53435;
84,left,51414,0,0,319,65,enabled,l,go 52099;
85,left,53435,0,0,319,85,enabled,l,go 51414;
86,right,53435,0,354,319,125,enabled,r,go 52099;
87,-,51511,0,141,256,273,enabled,o,go 50469;
88,right,51511,0,412,319,67,enabled,r,go 53566;
89,left,51511,0,0,319,90,enabled,l,go 51920;
90,left,53566,0,0,319,128,enabled,l,go 51511;
91,right,53566,0,366,319,113,enabled,r,go 51920;
92,right,41252,0,374,319,105,enabled,r,go 46893;
93,left,41252,0,0,319,105,enabled,l,go 45637;
94,-,41252,0,135,249,232,enabled,o,go 51920;
95,-,51920,0,90,239,253,enabled,o,go 52099;
96,left,51920,0,0,319,76,enabled,l,go 53566;
97,right,51920,0,391,319,88,enabled,r,go 51511;
98,-,52099,0,74,266,297,enabled,o,go 52457;
99,left,52099,0,0,319,66,enabled,l,go 53435;
100,right,52099,0,395,319,84,enabled,r,go 51414;
101,-,52457,0,123,250,263,enabled,o,go 52714;
102,left,52457,0,0,319,72,enabled,l,go 53215;
103,right,52457,0,399,319,80,enabled,r,go 51113;
104,-,52714,0,109,260,269,enabled,o,go 41252;
105,left,52714,0,0,319,62,enabled,l,go 52772;
106,right,52714,0,405,319,74,enabled,r,go 50747;
107,-,45893,0,127,301,210,enabled,o,go 46177;
108,right,45893,0,336,319,143,enabled,r,go 46723;
109,left,45893,0,0,319,143,enabled,l,go 46723;
110,right,46177,0,393,319,86,enabled,r,go 46409;
111,left,46177,0,0,319,86,enabled,l,go 46409;
112,-,46177,64,352,63,56,enabled,,
113,button,46177,79,368,31,28,enabled,o,sc Bay 4-Forward (button down);ps SW PushButton In;in 1\go 50254\ps SW PushButton Out\ps DR Spaceship II;
114,-,50254,0,115,218,165,enabled,o,go 54153;sv SE_StartOfMaze=YES;pm EV Electmotors;vm 20;ps DR Spaceship II;
115,button,50254,79,368,31,28,enabled,o,sc Bay 4-Forward (button down);ps SW PushButton In;in 2\go 46177\ps SW PushButton Out\ps DR Spaceship II;
116,-,54153,0,126,257,238,enabled,o,go 54404;
117,door,54153,0,397,167,105,enabled,,
118,-,54404,0,86,282,303,enabled,o,go 54693;
119,right,54404,0,375,319,105,enabled,r,go 55056;
120,right,54693,0,394,319,85,enabled,r,go 54790;ca SE_Maze slimMemory:;
121,left,54693,0,0,319,85,enabled,l,go 54790;ca SE_Maze slimMemory:;
122,markerS,54693,91,134,23,21,enabled,,ca SE_Maze playHintButton:;
123,markerF,54693,113,177,26,119,enabled,,
124,markerB,54693,56,173,31,125,enabled,,
125,window,54693,161,177,135,124,enabled,,
126,markerR,54693,93,244,22,57,enabled,,
127,markerL,54693,93,175,22,56,enabled,,
128,left,54693,0,0,319,108,enabled,l,go 54790;ca SE_Maze slimMemory:;
129,-,54693,16,434,67,45,enabled,,
130,left,54790,0,0,319,102,enabled,l,go 54693;
131,right,54790,0,377,319,102,enabled,r,go 54693;
132,-,54790,0,140,265,238,enabled,o,go 55056;
133,-,55056,0,114,302,267,enabled,o,go 55498;
134,left,55056,0,0,319,120,enabled,l,go 54404;
135,left,55498,0,0,319,108,enabled,l,go 54153;
136,button,55498,158,114,30,28,enabled,o,"?? SE_StartOfMaze|sc button=Ship 1-Back (button down),ps SW PushButton In,in 1\go 55574\ps SW PushButton Out\ps DR Spaceship II;?? SE_EndOfMaze|sc button=Ship 1-Back (button down),ps SW PushButton In,in 1\go 53872\ps SW PushButton Out\ps DR Spaceship II;"
137,-,53872,67,195,163,89,enabled,o,go 56929;pm MU SE Bookroom;vm 70;
138,button,53872,158,114,30,28,enabled,o,"sc button=Ship 1-Back (button down);ps SW PushButton In,in 1\go 55498\ps SW PushButton Out\ps DR Spaceship II;"
139,left,53872,0,0,319,108,enabled,l,go 54153;pm EV Electmotors;vm 50;
140,-,56929,0,163,271,166,enabled,o,go 57194;pm MU SE Bookroom;vm 80;
141,left,56929,0,0,306,135,enabled,l,go 57644;
142,right,56929,0,345,319,135,enabled,r,go 57644;
143,right,57194,0,352,319,127,enabled,r,go 57373;
144,left,57194,0,0,306,127,enabled,l,go 57373;
145,-,57194,0,139,282,204,enabled,o,go 38335;pm MU SE Bookroom;vm 90;
146,-,38335,0,145,295,197,enabled,o,go 56076;pm MU SE Bookroom;vm 100;
147,right,38335,0,363,319,116,enabled,r,go 58308;
148,left,38335,0,0,319,116,enabled,l,go 58308;
149,-,56076,0,115,296,268,enabled,o,go 58460;pm MU SE Bookroom;vm 200;
150,right,56076,0,381,319,98,enabled,r,go 60990;
151,left,56076,0,0,319,98,enabled,l,go 60990;
152,-,58460,0,118,280,240,enabled,o,go 59242;
153,right,58460,0,366,319,113,enabled,r,go 60716;
154,left,58460,0,0,319,113,enabled,l,go 60716;
155,-,59242,0,120,269,237,enabled,o,go 59522;
156,right,59242,0,367,319,112,enabled,r,go 60619;
157,left,59242,0,0,319,112,enabled,l,go 60619;
158,-,59522,121,212,64,59,enabled,o,go 59649;
159,right,59522,0,386,319,93,enabled,r,go 60223;
160,left,59522,0,0,319,93,enabled,l,go 60223;
161,right,60223,0,377,319,102,enabled,r,go 59522;
162,left,60223,0,0,319,102,enabled,l,go 59522;
163,-,60223,0,135,284,196,enabled,o,go 60619;
164,right,60619,0,373,319,106,enabled,r,go 59242;
165,left,60619,0,0,319,106,enabled,l,go 59242;
166,-,60619,0,148,267,195,enabled,o,go 60716;
167,right,60716,0,350,319,129,enabled,r,go 58460;
168,left,60716,0,0,319,129,enabled,l,go 58460;
169,-,60716,0,141,282,198,enabled,o,go 60990;pm MU SE Bookroom;vm 100;
170,right,60990,0,360,319,120,enabled,r,go 56076;
171,left,60990,0,0,319,120,enabled,l,go 56076;
172,-,60990,0,139,287,204,enabled,o,go 58072;pm MU SE Bookroom;vm 90;
173,-,59649,0,0,319,480,enabled,o,go 59522;
174,-,59649,11,147,294,187,enabled,o,go 59926;
175,-,59926,0,0,319,480,enabled,o,go 59649;
176,-,59926,12,69,295,339,enabled,,
177,-,59926,164,278,83,111,enabled,o,ca X_Linking linkToAge:iMystDB;
178,-,57373,0,147,293,202,enabled,o,go 57644;pm MU SE Bookroom;vm 70;
179,right,57373,0,352,319,127,enabled,r,go 57194;
180,left,57373,0,0,305,127,enabled,l,go 57194;
181,-,58072,0,122,276,231,enabled,o,go 58308;pm MU Bookroom;vm 80;
182,-,58308,0,120,282,225,enabled,o,go 57373;pm MU SE Bookroom;vm 80;
183,right,58308,0,366,319,113,enabled,r,go 38335;
184,left,58308,0,0,319,113,enabled,l,go 38335;
185,right,57644,0,370,319,109,enabled,r,go 56929;
186,left,57644,0,0,301,109,enabled,l,go 56929;
187,-,57644,62,142,221,147,enabled,o,go 54153;ps DR Spaceship II;pm EV Electmotors;vm 20;ps DR Spaceship II;
188,button,55574,158,114,30,28,enabled,o,sc button=Ship 1-Back (button down);ps SW PushButton In;in 1\go 55498\ps SW PushButton Out\ps DR Spaceship II;
189,-,55574,66,195,163,90,enabled,o,go 46409;pm EV Electmotors Mov;vm 200;ps DR Spaceship II;
190,left,55574,0,0,319,108,enabled,l,go 54153;ps DR Spaceship II;pm EV Electmotors;vm 20;
191,-,46409,0,152,291,192,enabled,o,go 46723;
192,right,46409,0,331,319,148,enabled,r,go 46177;
193,left,46409,0,0,319,148,enabled,l,go 46177;
194,-,46723,0,138,278,229,enabled,o,go 46893;
195,right,46723,0,358,319,121,enabled,r,go 50469;
196,left,46723,0,0,319,121,enabled,l,go 41252;
197,-,46893,0,110,286,254,enabled,o,go 47305;
198,right,46893,0,363,319,116,enabled,r,go 50469;
199,left,46893,0,0,319,116,enabled,l,go 41252;
200,-,47305,0,151,261,207,enabled,o,go 47612;pm EV Electmotors;vm 175;
201,right,47305,0,355,319,124,enabled,r,go 45359;
202,left,47305,0,0,319,124,enabled,l,go 45359;
203,-,47612,0,134,273,217,enabled,o,go 47707;pm EV Electmotors;vm 160;
204,right,47612,0,347,319,132,enabled,r,go 44361;
205,left,47612,0,0,302,132,enabled,l,go 44361;
206,-,47707,0,126,268,243,enabled,o,go 48018;pm EV Electmotors;vm 150;
207,left,47707,0,0,303,125,enabled,l,go 44077;
208,right,47707,0,354,303,125,enabled,r,go 44077;
209,-,48018,0,128,319,250,enabled,o,go 48887;pm EV Electmotors;vm 85;
210,left,48018,14,0,288,131,enabled,l,go 43809;
211,right,48018,0,386,319,93,enabled,r,go 43809;
212,-,48189,0,131,274,222,enabled,o,go 48388;
213,right,48189,0,339,319,140,enabled,r,go 44361;
214,left,48189,3,0,316,119,enabled,l,go 44361;
215,-,48388,0,98,270,196,enabled,o,go 48887;
216,right,48388,0,343,319,136,enabled,r,go 44077;
217,left,48388,0,0,319,83,enabled,l,go 44077;
218,-,48887,0,159,235,170,enabled,o,go 49062;pm EV Electmotors;vm 75;
219,right,48887,0,342,319,137,enabled,r,go 43546;
220,left,48887,0,0,319,137,enabled,l,go 43546;
221,-,49062,0,142,263,195,enabled,o,go 49257;pm EV Electmotors;vm 55;
222,right,49062,0,331,319,148,enabled,r,go 43281;
223,left,49062,0,0,319,148,enabled,l,go 43281;
224,-,49257,0,132,242,202,enabled,o,go 49553;pm EV Electmotors;vm 45;
225,right,49257,0,329,319,150,enabled,r,go 43138;
226,left,49257,0,0,319,150,enabled,l,go 43138;
227,-,49553,0,123,276,229,enabled,o,go 49709;pm EV Electmotors;vm 35;
228,right,49553,0,340,319,139,enabled,r,go 42772;
229,left,49553,0,0,319,139,enabled,l,go 42772;
230,-,49709,0,135,286,230,enabled,o,go 49998;pm EV Electmotors;vm 25;
231,right,49709,0,343,319,136,enabled,r,go 42717;
232,left,49709,0,0,319,136,enabled,l,go 42717;
233,-,49998,25,234,294,63,enabled,o,go 5801;ps DR GenRoom Down;pm AR Lite Wind Mov;vm 200;
234,-,49998,26,180,292,54,enabled,o,go 7030;ps DR GenRoom Down;pm AR Lite Wind Mov;vm 200;
235,left,49998,0,0,319,105,enabled,l,go 42331;
236,right,49998,0,375,319,105,enabled,r,go 42331;
237,-,7990,0,0,319,115,enabled,o,go 7689;ca SE_MazeHut slimMemory:;
238,-,7990,95,113,180,251,enabled,,
239,S1,7990,212,139,13,22,enabled,,cb SE_MazeHut sliderBegan:1\sliderMoved:1\sliderEnded:1;
240,button,7990,130,293,30,27,enabled,o,ca SE_MazeHut buttonPress:;ps SW PushButton In;
241,S2,7990,180,162,13,22,enabled,,cb SE_MazeHut sliderBegan:2\sliderMoved:2\sliderEnded:2;
242,S3,7990,157,186,13,22,enabled,,cb SE_MazeHut sliderBegan:3\sliderMoved:3\sliderEnded:3;
243,S4,7990,134,210,13,22,enabled,,cb SE_MazeHut sliderBegan:4\sliderMoved:4\sliderEnded:4;
244,S5,7990,123,233,13,22,enabled,,cb SE_MazeHut sliderBegan:5\sliderMoved:5\sliderEnded:5;
245,-,6070,0,129,168,199,enabled,o,go 6361;
246,right,6070,0,370,319,109,enabled,r,go 6677;
247,left,6070,2,0,316,96,enabled,l,go 8207;
248,right,6361,0,405,319,75,enabled,r,go 6473;
249,-,6361,0,107,211,248,enabled,o,go 8646;pm WA Lapping;vm 200;
250,left,6361,0,0,319,56,enabled,l,go 8207;
251,-,6361,76,37,112,147,enabled,o,go 28762;pm WA Lapping;vm 200;
252,left,8646,0,0,319,94,enabled,l,go 8871;
253,right,8646,0,366,319,113,enabled,r,go 9389;
254,left,9389,0,0,318,91,enabled,l,go 8646;
255,-,9389,0,101,247,269,enabled,o,go 10153;pm GR Broken Clock;vm 75;
256,right,9389,0,388,319,91,enabled,r,go 9028;
257,left,10153,0,0,319,95,enabled,l,go 32311;
258,-,10153,0,96,264,262,enabled,o,go 11604;pm GR Broken Clock;vm 150;
259,-,10153,82,301,237,178,enabled,o,go 11445;pm GR Broken Clock;vm 150;
260,left,32311,0,0,319,95,enabled,l,go 10474;
261,right,32311,0,367,319,112,enabled,r,go 10153;
262,left,10522,0,0,319,112,enabled,l,go 10897;
263,right,10522,0,397,319,82,enabled,r,go 11445;
264,-,10522,0,114,227,217,enabled,o,go 11604;
265,-,11604,0,128,172,217,enabled,o,go 12324;pm GR Broken Clock;vm 50;
266,left,11604,0,0,319,87,enabled,l,go 10897;
267,right,11604,0,392,319,87,enabled,r,go 11445;
268,right,15799,0,357,319,122,enabled,r,go 12324;
269,left,15799,0,0,319,122,enabled,l,go 15605;
270,-,12324,0,38,208,233,enabled,o,go 12227;pm WA Lapping;vm 200;
271,left,12324,0,0,319,47,enabled,l,go 11797;
272,-,12324,38,230,204,214,enabled,o,go 21709;pm WA Lapping;vm 200;
273,right,12324,0,444,320,36,enabled,r,go 15605;
274,-,12227,0,118,208,233,enabled,o,go 12686;
275,left,12227,0,0,319,97,enabled,l,go 16515;
276,right,12227,0,357,319,122,enabled,r,go 16769;
277,-,21709,0,154,262,210,enabled,o,go 17143;
278,left,21709,0,0,319,95,enabled,l,go 12686;
279,right,21709,0,373,319,105,enabled,r,go 15605;
280,-,12686,0,119,254,237,enabled,o,go 40422;
281,left,12686,0,0,319,98,enabled,l,go 39863;
282,-,40422,0,119,254,237,enabled,o,go 12953;
283,left,40422,0,0,319,101,enabled,l,go 40792;
284,right,39863,0,367,319,112,enabled,r,go 12686;
285,left,39863,0,0,319,136,enabled,l,go 15029;
286,-,12953,0,120,244,229,enabled,o,go 13395;pm AR Lite Wind Mov;vm 200;
287,left,12953,0,0,319,111,enabled,l,go 15996;
288,right,40792,0,366,319,113,enabled,r,go 40422;
289,left,40792,0,0,319,127,enabled,l,go 41140;
290,right,41140,0,395,319,84,enabled,r,go 40792;
291,-,41140,0,136,171,236,enabled,o,go 15029;
292,-,13290,0,110,244,223,enabled,o,go 13395;
293,left,13290,0,0,319,82,enabled,l,go 15996;
294,right,15996,0,378,319,101,enabled,r,go 12953;
295,left,15996,0,0,319,110,enabled,l,go 14695;
296,-,13395,0,113,255,265,enabled,o,go 40703;
297,left,13395,0,0,319,90,enabled,l,go 16208;
298,-,40703,0,143,281,336,enabled,o,go 13774;
299,left,40703,0,0,319,130,enabled,l,go 41622;
300,right,41622,0,374,319,105,enabled,r,go 40703;
301,left,41622,0,0,319,105,enabled,l,go 41779;
302,right,41779,0,364,319,115,enabled,r,go 41622;
303,-,41779,0,108,248,246,enabled,o,go 14519;
304,left,41779,0,0,319,108,enabled,l,go 40703;
305,right,16208,0,390,319,89,enabled,r,go 13395;
306,left,16208,0,0,319,89,enabled,l,go 14519;
307,left,13774,0,0,319,97,enabled,l,go 14046;
308,right,13774,0,416,224,63,enabled,r,go 14183;
309,-,13774,12,123,246,279,enabled,o,go 21856;pm AR Howling;vm 200;
310,-,21856,128,146,191,199,enabled,o,go 22626;
311,right,21856,0,395,319,84,enabled,r,go 23256;
312,left,21856,0,0,319,84,enabled,l,go 23256;
313,-,21856,61,164,105,157,enabled,o,go 22095;
314,right,22626,0,399,319,80,enabled,r,go 22938;
315,left,22626,0,0,319,80,enabled,l,go 22938;
316,marker,22626,96,188,163,108,enabled,,?? SE_MicSwitch5|sv SE_MicSwitch5=NO|sv SE_MicSwitch5=YES;ps SW PushButton Out;go 22626;
317,left,22938,0,0,319,61,enabled,l,go 22626;
318,right,22938,0,418,319,61,enabled,r,go 22626;
319,-,22938,68,116,251,235,enabled,o,go 23256;
320,-,22938,0,171,76,146,enabled,o,go 22095;
321,right,23256,0,410,319,69,enabled,r,go 21856;
322,left,23256,0,0,319,69,enabled,l,go 21856;
323,-,23256,0,119,319,240,enabled,o,go 14046;
324,-,22095,132,163,187,143,enabled,o,go 22626;
325,right,22095,136,399,182,80,enabled,r,go 23256;
326,left,22095,136,0,182,80,enabled,l,go 23256;
327,Down,22095,0,77,134,321,enabled,d,go 5193;pm AR Howling;vm 100;
328,up,5193,170,156,149,155,enabled,u,go 22095;
329,down,5193,0,148,134,168,enabled,d,go 7202;pm AR Howling;vm 75;
330,up,7202,177,0,142,480,enabled,u,go 5193;pm AR Howling;vm 100;
331,down,7202,0,0,158,480,enabled,d,go 23452;pm AR Howling;pm 50;
332,up,23452,107,165,212,150,enabled,u,go 7202;pm AR Howling;vm 75;
333,left,23452,0,0,319,138,enabled,l,go 17194;
334,right,23452,0,341,319,138,enabled,r,go 17194;
335,-,23452,74,0,99,68,enabled,,?? SE_TunnelLight|sv SE_TunnelLight=NO|sv SE_TunnelLight=YES;ps SW Marker;go 23452;
336,-,23578,0,135,212,183,enabled,o,go 23452;
337,right,23578,0,337,319,142,enabled,r,go 22429;
338,left,23578,0,0,319,120,enabled,l,go 22429;
339,-,23981,0,171,246,173,enabled,o,go 23578;
340,right,23981,0,349,319,130,enabled,r,go 27672;
341,left,23981,0,0,319,130,enabled,l,go 27672;
342,-,24125,17,149,215,179,enabled,o,go 23981;
343,right,24125,0,351,319,128,enabled,r,go 28076;
344,left,24125,0,0,319,128,enabled,l,go 28076;
345,-,24823,38,115,217,364,enabled,o,go 24883;pm AR Lite Wind Mov;vm 75;
346,right,24823,0,453,319,26,enabled,r,go 27502;
347,left,24823,0,0,319,64,enabled,l,go 27502;
348,-,24883,0,55,289,358,enabled,o,go 25583;pm AR Lite Wind Mov;vm 120;
349,right,24883,0,415,319,64,enabled,r,go 38066;
350,left,24883,0,0,319,52,enabled,l,go 27241;
351,-,25583,0,97,278,192,enabled,o,go 25845;pm AR Lite Wind Mov;vm 150;
352,right,25583,0,393,319,86,enabled,r,go 27015;
353,left,25583,0,0,319,41,enabled,l,go 27015;
354,marker,25583,225,0,95,120,enabled,,
355,marker,25845,116,114,99,253,enabled,,
356,-,25845,0,120,197,247,enabled,o,?? SE_Tower|go 25988|go 40120;
357,left,25845,0,0,319,91,enabled,l,go 26749;
358,right,25845,0,388,319,91,enabled,r,go 26749;
359,-,25988,108,195,98,98,enabled,o,go 26154;
360,right,25988,0,389,319,90,enabled,r,go 26411;sv SE_Tower=NO;ps DR Steel Close;pm AR Lite Wind Mov;vm 150;
361,left,25988,0,0,319,90,enabled,l,go 26411;sv SE_Tower=NO;ps DR Steel Close;pm AR Lite Wind Mov;vm 150;
362,-,25988,87,374,172,105,enabled,o,go 40120;sv SE_Tower=NO;ps DR Steel Close;pm AR Lite Wind Mov;vm 150;
363,-,25988,87,0,172,105,enabled,o,go 40120;sv SE_Tower=NO;ps DR Steel Close;pm AR Lite Wind Mov;vm 150;
364,-,40120,102,114,143,251,enabled,o,go 25988;sv SE_Tower=YES;ps DR Steel Open;
365,right,40120,0,389,319,90,enabled,r,go 26411;
366,left,40120,0,1,319,90,enabled,l,go 26411;
367,-,26411,0,171,174,304,enabled,o,go 26749;
368,left,26411,0,0,319,105,enabled,l,?? SE_Tower|go 25988|go 40120;
369,right,26411,0,436,319,43,enabled,r,?? SE_Tower|go 25988|go 40120;
370,-,26749,0,116,227,287,enabled,o,go 27015;pm AR Lite Wind Mov;vm 120;
371,right,26749,0,421,319,58,enabled,r,go 25845;
372,left,26749,0,0,319,58,enabled,l,go 25845;
373,-,27015,0,105,225,247,enabled,o,go 38066;pm AR Lite Wind Mov;vm 75;
374,right,27015,0,374,319,105,enabled,r,go 25583;
375,left,27015,0,0,319,47,enabled,l,go 25583;
376,-,38066,0,127,245,239,enabled,o,go 27241;pm AR Howling;vm 200;
377,left,38066,0,0,319,128,enabled,l,go 24883;
378,-,27241,9,0,310,480,enabled,o,go 38066;
379,-,27241,80,128,239,221,enabled,o,go 27502;
380,right,27502,0,396,319,83,enabled,r,go 24823;
381,left,27502,0,0,319,83,enabled,l,go 24823;
382,down,27502,0,82,98,314,enabled,d,go 38973;
383,-,17194,0,106,258,221,enabled,o,go 22429;
384,right,17194,0,328,318,151,enabled,r,go 23452;
385,left,17194,0,0,319,106,enabled,l,go 23452;
386,-,17194,84,441,88,38,enabled,,?? SE_TunnelLight|sv SE_TunnelLight=NO|sv SE_TunnelLight=YES;ps SW Marker;go 17194;
387,-,22429,0,134,256,213,enabled,o,go 27672;
388,right,22429,0,357,319,122,enabled,r,go 23578;
389,left,22429,0,0,319,122,enabled,l,go 23578;
390,-,27672,0,161,216,171,enabled,o,go 28076;
391,right,27672,0,334,319,145,enabled,r,go 23981;
392,left,27672,0,0,319,145,enabled,l,go 23981;
393,-,28076,27,192,174,113,enabled,o,go 28273;
394,left,28076,0,0,319,134,enabled,l,go 24125;
395,up,28273,116,170,203,143,enabled,u,go 38883;pm AR Howling;vm 75;
396,right,28273,0,360,319,119,enabled,r,go 38470;
397,left,28273,0,0,319,119,enabled,l,go 38470;
398,-,28273,49,0,125,69,enabled,,?? SE_TunnelLight|sv SE_TunnelLight=NO|sv SE_TunnelLight=YES;ps SW Marker;go 28273;
399,-,39483,0,194,242,91,enabled,o,go 38973;
400,down,39483,0,0,73,480,enabled,d,go 28273;
401,down,38883,0,131,144,196,enabled,d,go 28273;pm AR Howling;vm 50;
402,up,38883,178,140,141,182,enabled,u,go 38973;pm AR Howling;vm 100;
403,down,38973,0,104,142,255,enabled,d,go 38883;pm AR Howling;vm 75;
404,up,38973,179,105,140,251,enabled,u,go 27502;pm AR Howling;vm 200;
405,right,38470,0,285,319,195,enabled,r,go 28273;
406,left,38470,0,0,319,34,enabled,l,go 28273;
407,-,38470,14,85,232,193,enabled,o,go 24125;
408,-,38470,92,403,77,39,enabled,,?? SE_TunnelLight|sv SE_TunnelLight=NO|sv SE_TunnelLight=YES;ps SW Marker;go 38470;
409,-,28569,41,191,206,97,enabled,o,go 5193;
410,down,28569,0,0,94,480,enabled,d,go 23452;
411,cover,26154,119,145,18,46,disabled,,
412,mr,26154,122,176,12,10,enabled,,
413,ml,26154,122,149,12,10,enabled,,
414,block2,26154,8,198,36,73,disabled,,
415,-,26154,53,126,41,219,enabled,,
416,-,26154,0,0,287,75,enabled,o,ca SE_TowerControls stopRedrawingScope:;go 25988;
417,block,26154,0,113,306,249,disabled,,
418,rght,26154,109,169,37,31,enabled,,
419,pict,26154,181,175,102,120,enabled,,
420,lft,26154,109,138,37,34,enabled,,
421,C1,26154,54,127,44,43,enabled,,ca SE_TowerControls changeCurrentScope:C1;
422,C2,26154,53,171,45,43,enabled,,ca SE_TowerControls changeCurrentScope:C2;
423,C3,26154,53,214,45,41,enabled,,ca SE_TowerControls changeCurrentScope:C3;
424,C4,26154,53,255,45,41,enabled,,ca SE_TowerControls changeCurrentScope:C4;
425,C5,26154,53,296,45,47,enabled,,ca SE_TowerControls changeCurrentScope:C5;
426,sig,26154,9,198,37,69,enabled,,ca SE_TowerControls startSolution:;
427,-,26154,287,0,33,479,enabled,o,ca SE_TowerControls stopRedrawingScope:;go 39222;
428,-,39222,0,0,228,480,enabled,o,go 26154;
429,right,14046,0,360,319,120,enabled,r,go 13774;
430,left,14046,0,0,319,100,enabled,l,go 14183;pm AR Lite Wind Mov;vm 200;
431,left,14183,0,0,319,108,enabled,l,go 13774;
432,right,14183,0,336,319,143,enabled,r,go 14046;
433,-,14183,0,125,227,210,enabled,o,go 41779;
434,-,14519,0,141,280,260,enabled,o,go 14695;pm WA Lapping;vm 200;
435,right,14519,0,408,319,71,enabled,r,go 16208;
436,-,14695,0,132,221,255,enabled,o,go 41140;
437,right,14695,0,386,318,93,enabled,r,go 15996;
438,-,15029,0,109,259,257,enabled,o,go 15135;
439,right,15029,0,367,319,112,enabled,r,go 39863;
440,-,15135,0,166,253,244,enabled,o,go 15605;pm GR Broken Clock;vm 50;
441,left,15135,0,0,318,143,enabled,l,go 16769;
442,right,15135,0,420,319,60,enabled,r,go 16515;
443,right,16769,0,410,319,69,enabled,r,go 15135;
444,-,16769,3,195,283,197,enabled,o,go 17143;pm WA Lapping;vm 100;
445,left,16769,0,0,319,105,enabled,l,go 12227;
446,-,17143,0,136,257,240,enabled,o,go 17415;
447,left,17143,0,0,319,112,enabled,l,go 21389;
448,right,17143,0,383,319,96,enabled,r,go 21389;
449,-,17415,0,100,319,280,enabled,o,go 17718;
450,-,17718,77,159,182,258,enabled,o,go 18023;
451,left,17718,0,0,319,141,enabled,l,go 21177;
452,right,17718,0,425,319,54,enabled,r,go 17415;
453,-,18023,0,100,295,305,enabled,o,go 18304;
454,right,18023,0,405,319,74,enabled,r,go 20415;
455,-,18304,0,157,280,225,enabled,o,go 18512;
456,right,18304,0,403,319,76,enabled,r,go 20027;
457,left,18304,0,0,319,76,enabled,l,go 20027;
458,-,18512,0,158,290,172,enabled,o,go 18744;
459,right,18512,0,376,319,103,enabled,r,go 19630;
460,left,18512,0,0,319,103,enabled,l,go 19630;
461,-,18744,0,218,170,120,enabled,o,go 19168;
462,right,18744,0,377,319,102,enabled,r,go 19395;
463,marker,18744,151,265,28,58,enabled,,
464,left,19168,0,0,319,126,enabled,l,go 18744;
465,-,19168,0,110,304,271,enabled,,
466,right,19168,0,365,319,114,enabled,r,go 19395;
467,marker,19168,101,191,153,108,enabled,,?? SE_MicSwitch4|sv SE_MicSwitch4=NO|sv SE_MicSwitch4=YES;ps SW PushButton Out;go 19168;
468,marker2,19168,266,209,54,95,enabled,,"?? SE_RedPage|no |ca X_Global grabPage:SE_RedPage,go 19168;"
469,left,19395,0,0,319,118,enabled,l,go 18744;
470,-,19395,0,158,266,193,enabled,o,go 19630;
471,-,19630,0,107,264,314,enabled,o,go 20027;
472,left,19630,0,0,319,100,enabled,l,go 18512;
473,right,19630,0,435,319,44,enabled,r,go 18512;
474,-,19922,0,128,270,210,enabled,o,go 20027;
475,-,20027,0,150,276,225,enabled,o,go 20415;
476,left,20027,0,0,319,98,enabled,l,go 18304;
477,right,20027,0,381,319,98,enabled,r,go 18304;
478,-,20415,0,150,257,228,enabled,o,go 20484;
479,left,20415,0,0,319,128,enabled,l,go 18023;
480,-,20484,0,157,300,206,enabled,o,go 20978;
481,left,20484,0,0,319,144,enabled,l,go 18023;
482,-,20978,0,186,296,293,enabled,o,go 21177;
483,right,21177,0,373,319,106,enabled,r,go 17415;
484,-,21177,0,100,218,273,enabled,o,go 21389;
485,-,21389,0,96,276,266,enabled,o,go 16515;
486,-,21389,0,0,139,112,enabled,o,go 15605;
487,right,21389,0,453,319,26,enabled,r,go 17143;
488,left,21389,137,0,182,40,enabled,l,go 17143;
489,-,21389,79,351,181,104,enabled,o,go 12227;
490,left,16515,0,0,319,108,enabled,l,go 15135;
491,right,16515,0,359,319,120,enabled,r,go 12227;
492,-,15605,0,135,249,267,enabled,o,go 11112;pm GR Broken Clock;vm 150;
493,right,15605,0,383,319,96,enabled,r,go 11797;
494,left,15605,0,0,319,52,enabled,l,go 12324;
495,right,11797,0,389,319,90,enabled,r,go 12324;
496,left,11797,0,0,319,90,enabled,l,go 15605;
497,right,10897,0,382,319,97,enabled,r,go 11604;
498,left,10897,0,0,319,131,enabled,l,go 11112;
499,right,11112,0,381,319,98,enabled,r,go 10897;
500,left,11112,0,0,319,116,enabled,l,go 11445;
501,-,11112,0,150,261,228,enabled,o,go 10474;pm GR Broken Clock;vm 50;
502,right,11445,0,397,319,82,enabled,r,go 11112;
503,left,11445,0,0,319,89,enabled,l,go 11604;
504,-,11445,0,69,168,132,enabled,o,go 31497;pm GR Broken Clock;vm 255;
505,up,11445,203,87,115,314,enabled,u,go 31863;
506,down,31863,0,0,150,480,enabled,d,go 11445;
507,-,31497,0,330,319,150,enabled,o,go 11445;pm GR Broken Clock;vm 150;
508,Left,31497,0,0,318,163,enabled,l,go 11604;pm GR Broken Clock;vm 150;
509,-,31497,0,128,302,234,enabled,,
510,marker,31497,138,200,137,86,enabled,,?? SE_MicSwitch3|sv SE_MicSwitch3=NO|sv SE_MicSwitch3=YES;?? SE_MicSwitch3|ps SW PushButton Out|ps SW PushButton In;go 31497;
511,-,10474,0,117,276,300,enabled,o,go 8871;pm WA Lapping;vm 200;
512,left,10474,0,0,319,75,enabled,l,go 10153;
513,right,10474,0,404,319,75,enabled,r,go 32311;
514,right,8871,0,389,319,90,enabled,r,go 8646;
515,left,8871,0,0,319,90,enabled,l,go 9028;
516,-,8871,0,105,210,248,enabled,o,go 28762;pm WA Lapping;vm 75;
517,-,28762,0,131,228,223,enabled,o,go 29147;pm AR Lite Wind Mov;vm 150;
518,right,28762,0,375,319,104,enabled,r,go 8646;
519,left,28762,0,0,319,104,enabled,l,go 9028;
520,-,29147,0,109,319,259,enabled,o,go 29378;pm FR Caldron;vm 50;
521,-,29378,0,116,319,258,enabled,o,go 29522;pm FR Caldron;vm 100;
522,right,29378,0,372,319,107,enabled,r,go 31357;
523,left,29378,0,0,319,107,enabled,l,go 31357;
524,-,29522,0,136,297,185,enabled,o,go 29905;pm FR Caldron;vm 200;
525,left,29522,0,0,319,94,enabled,l,go 31046;
526,-,29905,0,157,319,156,enabled,o,go 30113;
527,left,29905,0,0,319,85,enabled,l,go 30885;
528,right,29905,0,394,319,85,enabled,r,go 30885;
529,right,30113,0,363,141,116,enabled,r,go 30278;
530,left,30113,0,0,148,120,enabled,l,go 30507;
531,marker,30113,152,197,127,87,enabled,,?? SE_MicSwitch2|sv SE_MicSwitch2=NO|sv SE_MicSwitch2=YES;?? SE_MicSwitch2|ps SW PushButton Out|ps SW PushButton In;go 30113;
532,right,30113,141,363,188,116,enabled,r,go 30885;
533,left,30113,131,0,188,116,enabled,l,go 30885;
534,right,30507,0,359,319,120,enabled,r,go 30113;
535,left,30507,0,0,319,107,enabled,l,go 30885;
536,marker,30507,82,195,99,74,enabled,,
537,right,30885,131,360,189,120,enabled,r,go 29905;
538,-,30885,0,89,275,212,enabled,o,go 31046;pm FR Caldron;vm 100;
539,left,30885,126,0,194,83,enabled,l,go 29905;
540,right,30885,0,322,133,158,enabled,r,go 30507;
541,left,30885,0,0,126,87,enabled,l,go 30278;
542,right,31046,0,352,319,127,enabled,r,go 29522;
543,-,31046,16,153,250,191,enabled,o,go 31357;pm FR Caldron;vm 50;
544,-,31357,0,127,272,226,enabled,o,go 9389;pm WA Lapping;vm 100;
545,right,31357,0,359,319,120,enabled,r,go 29378;
546,left,31357,0,0,319,120,enabled,l,go 29378;
547,left,30278,0,0,319,126,enabled,l,go 30113;
548,right,30278,0,372,319,107,enabled,r,go 30885;
549,marker,30278,58,203,96,82,enabled,,
550,right,9028,0,391,319,88,enabled,r,go 8871;
551,-,9028,0,162,218,246,enabled,o,go 6473;pm AR Lite Wind Mov;vm 150;
552,left,9028,0,0,319,120,enabled,l,go 9389;
553,-,6473,0,81,186,128,enabled,o,go 6677;
554,left,6473,0,0,318,52,enabled,l,go 6361;
555,right,6473,0,442,319,37,enabled,r,go 6361;
556,-,6473,0,234,135,179,enabled,o,go 8207;
557,-,6677,0,103,251,232,enabled,o,go 7030;
558,left,6677,0,0,319,75,enabled,l,go 6070;
559,right,6677,0,405,319,75,enabled,r,go 8207;
560,right,8207,0,375,319,104,enabled,r,go 6070;
561,left,8207,0,0,319,72,enabled,l,go 6677;
562,-,8207,0,82,184,145,enabled,o,go 32185;
563,-,32185,0,123,267,275,enabled,o,go 32578;
564,right,32185,0,413,319,66,enabled,r,go 37398;
565,left,32185,0,0,319,66,enabled,l,go 37398;
566,-,32578,0,123,297,243,enabled,o,go 32879;
567,left,32578,0,0,319,112,enabled,l,go 37271;
568,right,32578,0,367,319,112,enabled,r,go 37271;
569,-,32879,0,149,268,228,enabled,o,go 33146;
570,left,32879,0,0,319,106,enabled,l,go 37271;
571,-,33146,0,100,271,271,enabled,o,go 33514;
572,right,33146,0,383,319,96,enabled,r,go 37016;
573,left,33146,0,0,319,96,enabled,l,go 37016;
574,-,33514,0,169,260,180,enabled,o,go 33578;
575,right,33514,0,372,319,107,enabled,r,go 36746;
576,left,33514,0,0,319,107,enabled,l,go 36746;
577,-,33578,0,120,223,225,enabled,o,go 33989;pm WA Running Far Mov;vm 50;
578,right,33578,0,375,319,104,enabled,r,go 36414;
579,left,33578,0,0,319,104,enabled,l,go 36414;
580,-,33989,0,162,318,300,enabled,o,go 37684;pm WA Running Far Mov;vm 100;
581,left,33989,0,0,319,119,enabled,l,go 36321;
582,right,33989,0,431,319,48,enabled,r,go 36321;
583,-,37684,0,113,255,337,enabled,o,pm WA Running Far Mov;vm 150;go 34053;
584,right,37684,0,412,319,67,enabled,r,go 35933;
585,left,37684,0,0,319,67,enabled,l,go 35933;
586,marker,34053,114,70,30,39,enabled,,
587,-,34053,0,15,171,128,enabled,o,go 34737;pm WA Running Far Mov;vm 100;
588,-,34053,76,138,123,95,enabled,o,go 34421;pm WA Running Far Mov;vm 100;
589,left,34053,0,0,319,46,enabled,l,go 35615;
590,right,34053,82,382,238,98,enabled,r,go 35615;
591,-,34053,0,355,82,125,enabled,o,go 35569;pm WA Running Far Mov;vm 200;
592,right,34737,0,409,253,70,enabled,r,go 34421;
593,left,34737,0,0,319,114,enabled,l,go 35133;
594,marker,34737,104,242,70,88,enabled,,"?? SE_BluePage|no |ca X_Global grabPage:SE_BluePage,go 34737;"
595,right,35133,0,379,313,100,enabled,r,go 34737;
596,-,35133,0,0,212,150,enabled,o,go 35569;pm WA Running Far Mov;vm 200;
597,-,35133,29,169,221,149,enabled,o,go 35615;pm WA Running Far Mov;vm 150;
598,left,35615,0,0,319,98,enabled,l,go 34053;
599,right,35615,0,381,319,98,enabled,r,go 34053;
600,-,35615,0,121,262,147,enabled,o,go 35933;pm WA Running Far Mov;vm 100;
601,-,35933,0,123,295,214,enabled,o,go 36321;pm WA Running Far Mov;vm 50;
602,right,35933,0,380,319,99,enabled,r,go 37684;
603,left,35933,0,0,319,99,enabled,l,go 37684;
604,-,36321,0,107,270,187,enabled,o,go 36414;pm AR Lite Wind Mov;vm 75;
605,right,36321,0,380,319,99,enabled,r,go 33989;
606,left,36321,0,0,319,99,enabled,l,go 33989;
607,-,36414,0,118,285,258,enabled,o,go 36746;pm AR Lite Wind Mov;vm 150;
608,right,36414,0,384,319,95,enabled,r,go 33578;
609,left,36414,0,0,319,95,enabled,l,go 33578;
610,-,36746,0,93,250,285,enabled,o,go 37016;
611,right,36746,0,382,319,97,enabled,r,go 33514;
612,left,36746,0,0,319,90,enabled,l,go 33514;
613,-,37016,0,122,253,278,enabled,o,go 37271;
614,right,37016,0,404,319,75,enabled,r,go 33146;
615,left,37016,0,0,319,89,enabled,l,go 33146;
616,-,37271,0,77,232,282,enabled,o,go 37398;
617,right,37271,0,380,319,99,enabled,r,go 32578;
618,left,37271,0,0,319,48,enabled,l,go 32578;
619,-,37398,0,95,249,276,enabled,o,go 9703;
620,left,37398,0,0,319,82,enabled,l,go 32185;
621,right,37398,0,397,319,82,enabled,r,go 32185;
622,-,9703,0,0,318,266,enabled,o,go 6361;
623,-,9703,0,262,319,217,enabled,o,go 6677;
624,right,9703,0,440,170,39,enabled,r,go 8207;
625,right,35569,0,384,320,95,enabled,r,go 35615;pm WA Running Far Mov;vm 150;
626,left,35569,0,0,319,127,enabled,l,go 34053;pm WA Running Far Mov;vm 150;
627,marker,35569,61,156,103,198,enabled,,
628,left,34421,0,0,297,90,enabled,l,go 34737;
629,right,34421,0,384,309,95,enabled,r,go 35133;
630,marker,34421,102,203,147,92,enabled,,?? SE_MicSwitch1|sv SE_MicSwitch1=NO|sv SE_MicSwitch1=YES;?? SE_MicSwitch1|ps SW PushButton Out|ps SW PushButton In;go 34421;
631,-,7030,0,141,246,201,enabled,o,go 7475;
632,left,7030,0,0,319,131,enabled,l,go 7689;
633,right,7030,0,382,319,97,enabled,r,go 5801;
634,-,7475,8,125,222,223,enabled,o,go 4375;
635,left,7475,0,0,319,81,enabled,l,go 5520;
636,right,7475,0,398,319,81,enabled,r,go 5520;
637,-,4375,0,107,253,255,enabled,o,go 4819;pm WA Lapping;vm 200;
638,right,4375,0,390,319,90,enabled,r,go 3071;
639,left,4375,0,0,319,90,enabled,l,go 3071;
640,-,4819,0,124,256,307,enabled,o,go 4871;
641,right,4819,0,427,319,52,enabled,r,go 2522;
642,left,4819,0,0,319,95,enabled,l,go 2522;
643,right,4871,0,399,319,80,enabled,r,go 2252;
644,left,4871,0,0,319,80,enabled,l,go 2252;
645,-,4871,13,120,255,230,enabled,o,go 24522;
646,right,24522,0,386,319,93,enabled,r,go 25246;
647,left,24522,0,0,319,93,enabled,l,go 25246;
648,-,24522,0,97,296,285,enabled,o,go 55809;
649,left,55809,0,0,319,158,enabled,l,go 25246;
650,,14695,0,0,320,132,enabled,,go 12953;
651,,12953,1,358,320,121,enabled,,go 14695;
652,right,12686,0,380,320,100,enabled,r,go 15029;
653,left,44746,0,0,320,85,enabled,l,go 59030;
654,right,44746,0,387,320,92,enabled,r,go 44826;
655,--,44746,48,118,198,228,enabled,o,go 45136;
656,left,44826,0,0,320,84,enabled,l,go 44746;
657,--,44826,51,152,190,169,enabled,o,go 56574;pm WA Lapping;vm 50;
658,right,44826,0,380,320,100,enabled,r,go 59030;pm WA Lapping;vm 50;
659,left,56574,0,0,320,100,enabled,l,go 56664;
660,right,56574,0,380,320,100,enabled,r,go 56664;
661,,56664,35,158,226,151,enabled,o,go 44746;pm WA Lapping;vm 100;
662,left,56664,0,0,320,45,enabled,l,go 56574;
663,right,56664,0,380,320,100,enabled,r,go 56574;
664,D1,26154,115,235,27,21,enabled,,
665,D2,26154,115,256,27,20,enabled,,
666,D3,26154,115,277,27,20,enabled,,
667,D4,26154,115,304,27,20,enabled,,
668,compass,54693,95,317,17,31,enabled,,
669,fwhs,54693,118,182,42,111,enabled,,ca SE_Maze move:forward;
670,bwhs,54693,40,182,45,114,enabled,,ca SE_Maze move:backward;
671,lfhs,54693,85,166,33,70,enabled,,ca SE_Maze move:left;
672,rths,54693,85,237,33,77,enabled,,ca SE_Maze move:right;
673,windowSC,54693,161,177,135,124,enabled,,
674,,26154,99,120,62,49,enabled,,cb SE_TowerControls buttonDown:left\buttonMoved:\buttonEnded:left;
675,,26154,98,170,63,55,enabled,,cb SE_TowerControls buttonDown:right\buttonMoved:\buttonEnded:right;
676,,26154,1,392,286,88,enabled,o,ca SE_TowerControls stopRedrawingScope:;go 25988;
677,,7990,0,363,320,117,enabled,o,go 7689;ca SE_MazeHut slimMemory:;
678,left,45136,0,0,320,112,enabled,l,go 58670;
679,right,45136,0,368,320,112,enabled,r,go 58670;
680,left,58670,0,0,320,112,enabled,l,go 45136;
681,right,58670,0,435,320,45,enabled,r,go 45136;
682,,58670,20,142,248,202,enabled,o,pm WA Lapping;vm 100;go 44826;
683,,58670,20,344,261,91,enabled,o,pm WA Lapping;vm 100;go 59030;
684,right,59030,0,368,320,112,enabled,r,go 44746;
685,left,59030,0,1,320,116,enabled,l,go 44826;
686,,59030,0,129,320,225,enabled,o,go 25246;pm WA Lapping;vm 200;ps DR Spaceship Up;sv SE_TunnelLight=NO;sv SE_Tower=NO;sv SE_StartOfMaze=NO;sv SE_EndOfMaze=NO;sv SE_MicSwitch1=NO;sv SE_MicSwitch2=NO;sv SE_MicSwitch3=NO;sv SE_MicSwitch4=NO;sv SE_MicSwitch5=NO;
687,right,54153,0,380,320,100,enabled,r,go 55498;
688,left,18744,0,0,320,106,enabled,l,go 19395;
689,right,19395,0,380,320,100,enabled,r,go 18744;
690,right,32879,0,379,320,100,enabled,r,go 37271;
691,left,29147,0,0,320,103,enabled,l,go 31357;
692,right,29147,0,372,320,121,enabled,r,go 31357;
693,right,38066,0,367,320,113,enabled,r,go 24883;
694,right,28076,0,359,320,121,enabled,r,go 24125;
695,left,15029,0,0,320,107,enabled,l,go 12686;
696,left,41140,0,0,320,100,enabled,l,go 40422;
697,right,40422,0,369,320,111,enabled,r,go 41140;
698,left,14519,0,0,320,109,enabled,l,go 13395;
699,right,13395,0,380,320,100,enabled,r,go 14519;
700,left,21177,0,0,320,100,enabled,l,go 17415;
701,left,17415,0,0,320,100,enabled,l,go 21177;
702,right,17415,0,380,320,100,enabled,r,go 21177;
703,left,20978,0,0,320,116,enabled,l,go 17718;
704,right,20484,0,369,320,111,enabled,r,go 18023;
705,right,20415,0,380,320,100,enabled,r,go 18023;
706,left,18023,0,0,320,100,enabled,l,go 20415;
707,left,31046,0,0,320,100,enabled,l,go 29522;
708,right,29522,0,361,320,118,enabled,r,go 31046;
709,Scroll,26154,178,75,109,317,enabled,,cb SE_TowerControls moveScopeBegan:\moveScopeMoved:\moveScopeEnded:;
710,,56664,0,45,320,100,enabled,o,go 59030;
711,,58072,0,370,320,110,enabled,r,go 38335;
712,,58072,0,0,320,111,enabled,l,go 38335;
713,,54693,83,123,40,40,enabled,,ca SE_Maze playHintButton:;
